  main.cpp
D:\GitHub\Magma-Engine\includes\MallocSucks\MallocSucks.h(87,10): warning C4129: 'A': unrecognized character escape sequence
D:\GitHub\Magma-Engine\includes\MallocSucks\MallocSucks.h(135,50): warning C4100: 'i': unreferenced formal parameter
D:\GitHub\Magma-Engine\includes\MallocSucks\MallocSucks.h(173,43): warning C4100: 'i': unreferenced formal parameter
D:\GitHub\Magma-Engine\includes\MallocSucks\MallocSucks.h(298,44): warning C4389: '==': signed/unsigned mismatch
D:\GitHub\Magma-Engine\includes\MallocSucks\MallocSucks.h(308,19): warning C4456: declaration of 'j' hides previous local declaration
D:\GitHub\Magma-Engine\includes\MallocSucks\MallocSucks.h(285,19): message : see declaration of 'j'
D:\GitHub\Magma-Engine\includes\MallocSucks\MallocSucks.h(310,32): warning C4456: declaration of 'Element' hides previous local declaration
D:\GitHub\Magma-Engine\includes\MallocSucks\MallocSucks.h(289,29): message : see declaration of 'Element'
D:\GitHub\Magma-Engine\includes\stb\dxt\stb_dxt.c(30,66): warning C4244: 'return': conversion from 'int' to 'unsigned short', possible loss of data
D:\GitHub\Magma-Engine\includes\stb\dxt\stb_dxt.c(47,24): warning C4244: '=': conversion from 'int' to 'unsigned char', possible loss of data
D:\GitHub\Magma-Engine\includes\stb\dxt\stb_dxt.c(48,24): warning C4244: '=': conversion from 'int' to 'unsigned char', possible loss of data
D:\GitHub\Magma-Engine\includes\stb\dxt\stb_dxt.c(49,24): warning C4244: '=': conversion from 'int' to 'unsigned char', possible loss of data
D:\GitHub\Magma-Engine\includes\stb\dxt\stb_dxt.c(71,31): warning C4244: '=': conversion from 'int' to 'unsigned char', possible loss of data
D:\GitHub\Magma-Engine\includes\stb\dxt\stb_dxt.c(72,31): warning C4244: '=': conversion from 'int' to 'unsigned char', possible loss of data
D:\GitHub\Magma-Engine\includes\stb\dxt\stb_dxt.c(388,66): warning C4244: '=': conversion from 'int' to 'unsigned short', possible loss of data
D:\GitHub\Magma-Engine\includes\stb\dxt\stb_dxt.c(392,66): warning C4244: '=': conversion from 'int' to 'unsigned short', possible loss of data
D:\GitHub\Magma-Engine\includes\stb\dxt\stb_dxt.c(490,33): warning C4244: '=': conversion from 'int' to 'unsigned char', possible loss of data
D:\GitHub\Magma-Engine\includes\stb\dxt\stb_dxt.c(491,33): warning C4244: '=': conversion from 'int' to 'unsigned char', possible loss of data
D:\GitHub\Magma-Engine\includes\stb\dxt\stb_dxt.c(520,20): warning C4244: '=': conversion from 'int' to 'unsigned char', possible loss of data
D:\GitHub\Magma-Engine\includes\stb\dxt\stb_dxt.c(531,31): warning C4244: '=': conversion from 'int' to 'unsigned char', possible loss of data
D:\GitHub\Magma-Engine\includes\stb\dxt\stb_dxt.c(534,31): warning C4244: '=': conversion from 'int' to 'unsigned char', possible loss of data
D:\GitHub\Magma-Engine\includes\stb\dxt\stb_dxt.c(654,35): warning C4244: 'argument': conversion from 'uint64_t' to 'int', possible loss of data
D:\GitHub\Magma-Engine\includes\stb\dxt\stb_dxt.c(654,32): warning C4244: 'argument': conversion from 'uint64_t' to 'int', possible loss of data
D:\GitHub\Magma-Engine\includes\stb\dxt\stb_dxt.c(672,41): warning C4244: 'argument': conversion from 'uint64_t' to 'int', possible loss of data
D:\GitHub\Magma-Engine\includes\stb\dxt\stb_dxt.c(672,38): warning C4244: 'argument': conversion from 'uint64_t' to 'int', possible loss of data
D:\GitHub\Magma-Engine\includes\stb\dxt\stb_dxt.c(662,100): warning C4100: 'is_rgba': unreferenced formal parameter
D:\GitHub\Magma-Engine\includes\MojoAL\mojoal.c(535,5): warning C4324: 'ALCcontext_struct::<unnamed-tag>': structure was padded due to alignment specifier
D:\GitHub\Magma-Engine\includes\MojoAL\mojoal.c(535,15): warning C4324: 'ALCcontext_struct': structure was padded due to alignment specifier
D:\GitHub\Magma-Engine\includes\MojoAL\mojoal.c(1199,20): warning C4244: '=': conversion from 'double' to 'float', possible loss of data
D:\GitHub\Magma-Engine\includes\MojoAL\mojoal.c(1200,21): warning C4244: '=': conversion from 'double' to 'float', possible loss of data
D:\GitHub\Magma-Engine\includes\MojoAL\mojoal.c(1201,18): warning C4244: '=': conversion from 'double' to 'float', possible loss of data
D:\GitHub\Magma-Engine\includes\MojoAL\mojoal.c(1253,58): warning C4244: '=': conversion from 'double' to 'ALfloat', possible loss of data
D:\GitHub\Magma-Engine\includes\MojoAL\mojoal.c(1275,39): warning C4244: '=': conversion from 'double' to 'ALfloat', possible loss of data
D:\GitHub\Magma-Engine\includes\MojoAL\mojoal.c(1281,26): warning C4244: '=': conversion from 'double' to 'int', possible loss of data
D:\GitHub\Magma-Engine\includes\MojoAL\mojoal.c(1293,41): warning C4244: '=': conversion from 'double' to 'ALfloat', possible loss of data
D:\GitHub\Magma-Engine\includes\MojoAL\mojoal.c(1294,43): warning C4244: '=': conversion from 'double' to 'ALfloat', possible loss of data
D:\GitHub\Magma-Engine\includes\MojoAL\mojoal.c(1302,26): warning C4244: '=': conversion from 'float' to 'int', possible loss of data
D:\GitHub\Magma-Engine\includes\MojoAL\mojoal.c(1330,39): warning C4244: '+=': conversion from 'double' to 'ALfloat', possible loss of data
D:\GitHub\Magma-Engine\includes\MojoAL\mojoal.c(1334,45): warning C4244: '=': conversion from 'double' to 'ALfloat', possible loss of data
D:\GitHub\Magma-Engine\includes\MojoAL\mojoal.c(1335,47): warning C4244: '=': conversion from 'double' to 'ALfloat', possible loss of data
D:\GitHub\Magma-Engine\includes\MojoAL\mojoal.c(1347,73): warning C4244: '+=': conversion from 'double' to 'ALfloat', possible loss of data
D:\GitHub\Magma-Engine\includes\MojoAL\mojoal.c(2317,45): warning C4100: 'device': unreferenced formal parameter
D:\GitHub\Magma-Engine\includes\MojoAL\mojoal.c(2885,36): warning C4100: 'capability': unreferenced formal parameter
D:\GitHub\Magma-Engine\includes\MojoAL\mojoal.c(2892,37): warning C4100: 'capability': unreferenced formal parameter
D:\GitHub\Magma-Engine\includes\MojoAL\mojoal.c(2899,44): warning C4100: 'capability': unreferenced formal parameter
D:\GitHub\Magma-Engine\includes\MojoAL\mojoal.c(2936,41): warning C4100: 'param': unreferenced formal parameter
D:\GitHub\Magma-Engine\includes\MojoAL\mojoal.c(2987,40): warning C4100: 'param': unreferenced formal parameter
D:\GitHub\Magma-Engine\includes\MojoAL\mojoal.c(3335,58): warning C4100: 'value': unreferenced formal parameter
D:\GitHub\Magma-Engine\includes\MojoAL\mojoal.c(3335,39): warning C4100: 'param': unreferenced formal parameter
D:\GitHub\Magma-Engine\includes\MojoAL\mojoal.c(3417,56): warning C4100: 'value': unreferenced formal parameter
D:\GitHub\Magma-Engine\includes\MojoAL\mojoal.c(3417,42): warning C4100: 'param': unreferenced formal parameter
D:\GitHub\Magma-Engine\includes\MojoAL\mojoal.c(3789,116): warning C4244: 'argument': conversion from 'ALint' to 'const Uint8', possible loss of data
D:\GitHub\Magma-Engine\includes\MojoAL\mojoal.c(3789,65): warning C4244: 'argument': conversion from 'ALint' to 'const Uint8', possible loss of data
D:\GitHub\Magma-Engine\includes\MojoAL\mojoal.c(4259,28): warning C4244: '=': conversion from 'ALfloat' to 'int', possible loss of data
D:\GitHub\Magma-Engine\includes\MojoAL\mojoal.c(4262,35): warning C4244: '=': conversion from 'ALfloat' to 'int', possible loss of data
D:\GitHub\Magma-Engine\includes\MojoAL\mojoal.c(4412,102): warning C4244: 'argument': conversion from 'ALint' to 'const Uint8', possible loss of data
D:\GitHub\Magma-Engine\includes\MojoAL\mojoal.c(4412,55): warning C4244: 'argument': conversion from 'ALint' to 'const Uint8', possible loss of data
D:\GitHub\Magma-Engine\includes\MojoAL\mojoal.c(4781,79): warning C4100: 'values': unreferenced formal parameter
D:\GitHub\Magma-Engine\includes\MojoAL\mojoal.c(4781,57): warning C4100: 'param': unreferenced formal parameter
D:\GitHub\Magma-Engine\includes\MojoAL\mojoal.c(4781,38): warning C4100: 'name': unreferenced formal parameter
D:\GitHub\Magma-Engine\includes\MojoAL\mojoal.c(4787,77): warning C4100: 'value': unreferenced formal parameter
D:\GitHub\Magma-Engine\includes\MojoAL\mojoal.c(4787,56): warning C4100: 'param': unreferenced formal parameter
D:\GitHub\Magma-Engine\includes\MojoAL\mojoal.c(4787,37): warning C4100: 'name': unreferenced formal parameter
D:\GitHub\Magma-Engine\includes\MojoAL\mojoal.c(4793,122): warning C4100: 'value3': unreferenced formal parameter
D:\GitHub\Magma-Engine\includes\MojoAL\mojoal.c(4793,100): warning C4100: 'value2': unreferenced formal parameter
D:\GitHub\Magma-Engine\includes\MojoAL\mojoal.c(4793,78): warning C4100: 'value1': unreferenced formal parameter
D:\GitHub\Magma-Engine\includes\MojoAL\mojoal.c(4793,57): warning C4100: 'param': unreferenced formal parameter
D:\GitHub\Magma-Engine\includes\MojoAL\mojoal.c(4793,38): warning C4100: 'name': unreferenced formal parameter
D:\GitHub\Magma-Engine\includes\MojoAL\mojoal.c(4799,77): warning C4100: 'values': unreferenced formal parameter
D:\GitHub\Magma-Engine\includes\MojoAL\mojoal.c(4799,57): warning C4100: 'param': unreferenced formal parameter
D:\GitHub\Magma-Engine\includes\MojoAL\mojoal.c(4799,38): warning C4100: 'name': unreferenced formal parameter
D:\GitHub\Magma-Engine\includes\MojoAL\mojoal.c(4805,75): warning C4100: 'value': unreferenced formal parameter
D:\GitHub\Magma-Engine\includes\MojoAL\mojoal.c(4805,56): warning C4100: 'param': unreferenced formal parameter
D:\GitHub\Magma-Engine\includes\MojoAL\mojoal.c(4805,37): warning C4100: 'name': unreferenced formal parameter
D:\GitHub\Magma-Engine\includes\MojoAL\mojoal.c(4811,116): warning C4100: 'value3': unreferenced formal parameter
D:\GitHub\Magma-Engine\includes\MojoAL\mojoal.c(4811,96): warning C4100: 'value2': unreferenced formal parameter
D:\GitHub\Magma-Engine\includes\MojoAL\mojoal.c(4811,76): warning C4100: 'value1': unreferenced formal parameter
D:\GitHub\Magma-Engine\includes\MojoAL\mojoal.c(4811,57): warning C4100: 'param': unreferenced formal parameter
D:\GitHub\Magma-Engine\includes\MojoAL\mojoal.c(4811,38): warning C4100: 'name': unreferenced formal parameter
D:\GitHub\Magma-Engine\includes\MojoAL\mojoal.c(4817,82): warning C4100: 'values': unreferenced formal parameter
D:\GitHub\Magma-Engine\includes\MojoAL\mojoal.c(4817,60): warning C4100: 'param': unreferenced formal parameter
D:\GitHub\Magma-Engine\includes\MojoAL\mojoal.c(4817,41): warning C4100: 'name': unreferenced formal parameter
D:\GitHub\Magma-Engine\includes\MojoAL\mojoal.c(4823,75): warning C4100: 'value': unreferenced formal parameter
D:\GitHub\Magma-Engine\includes\MojoAL\mojoal.c(4823,59): warning C4100: 'param': unreferenced formal parameter
D:\GitHub\Magma-Engine\includes\MojoAL\mojoal.c(4823,40): warning C4100: 'name': unreferenced formal parameter
D:\GitHub\Magma-Engine\includes\MojoAL\mojoal.c(4829,110): warning C4100: 'value3': unreferenced formal parameter
D:\GitHub\Magma-Engine\includes\MojoAL\mojoal.c(4829,93): warning C4100: 'value2': unreferenced formal parameter
D:\GitHub\Magma-Engine\includes\MojoAL\mojoal.c(4829,76): warning C4100: 'value1': unreferenced formal parameter
D:\GitHub\Magma-Engine\includes\MojoAL\mojoal.c(4829,60): warning C4100: 'param': unreferenced formal parameter
D:\GitHub\Magma-Engine\includes\MojoAL\mojoal.c(4829,41): warning C4100: 'name': unreferenced formal parameter
D:\GitHub\Magma-Engine\includes\MojoAL\mojoal.c(4849,104): warning C4100: 'value3': unreferenced formal parameter
D:\GitHub\Magma-Engine\includes\MojoAL\mojoal.c(4849,89): warning C4100: 'value2': unreferenced formal parameter
D:\GitHub\Magma-Engine\includes\MojoAL\mojoal.c(4849,74): warning C4100: 'value1': unreferenced formal parameter
D:\GitHub\Magma-Engine\includes\MojoAL\mojoal.c(4849,60): warning C4100: 'param': unreferenced formal parameter
D:\GitHub\Magma-Engine\includes\MojoAL\mojoal.c(4849,41): warning C4100: 'name': unreferenced formal parameter
D:\GitHub\Magma-Engine\includes\Wave\WaveMath.h(192,3): warning C4201: nonstandard extension used: nameless struct/union
D:\GitHub\Magma-Engine\includes\Wave\WaveMath.h(199,3): warning C4201: nonstandard extension used: nameless struct/union
D:\GitHub\Magma-Engine\includes\Wave\WaveMath.h(205,3): warning C4201: nonstandard extension used: nameless struct/union
D:\GitHub\Magma-Engine\includes\Wave\WaveMath.h(211,3): warning C4201: nonstandard extension used: nameless struct/union
D:\GitHub\Magma-Engine\includes\Wave\WaveMath.h(268,3): warning C4201: nonstandard extension used: nameless struct/union
D:\GitHub\Magma-Engine\includes\Wave\WaveMath.h(276,3): warning C4201: nonstandard extension used: nameless struct/union
D:\GitHub\Magma-Engine\includes\Wave\WaveMath.h(282,3): warning C4201: nonstandard extension used: nameless struct/union
D:\GitHub\Magma-Engine\includes\Wave\WaveMath.h(288,3): warning C4201: nonstandard extension used: nameless struct/union
D:\GitHub\Magma-Engine\includes\Wave\WaveMath.h(304,3): warning C4201: nonstandard extension used: nameless struct/union
D:\GitHub\Magma-Engine\includes\Wave\WaveMath.h(312,3): warning C4201: nonstandard extension used: nameless struct/union
D:\GitHub\Magma-Engine\includes\Wave\WaveMath.h(318,3): warning C4201: nonstandard extension used: nameless struct/union
D:\GitHub\Magma-Engine\includes\Wave\WaveMath.h(324,3): warning C4201: nonstandard extension used: nameless struct/union
D:\GitHub\Magma-Engine\includes\Wave\WaveMath.h(347,2): warning C5033: 'register' is no longer a supported storage class
D:\GitHub\Magma-Engine\includes\Wave\WaveMath.h(355,2): warning C5033: 'register' is no longer a supported storage class
D:\GitHub\Magma-Engine\includes\Wave\WaveMath.h(378,2): warning C5033: 'register' is no longer a supported storage class
D:\GitHub\Magma-Engine\includes\Wave\WaveMath.h(455,2): warning C5033: 'register' is no longer a supported storage class
D:\GitHub\Magma-Engine\includes\Wave\WaveMath.h(462,2): warning C5033: 'register' is no longer a supported storage class
D:\GitHub\Magma-Engine\includes\Wave\WaveMath.h(784,2): warning C5033: 'register' is no longer a supported storage class
D:\GitHub\Magma-Engine\includes\Wave\WaveMath.h(785,2): warning C5033: 'register' is no longer a supported storage class
D:\GitHub\Magma-Engine\includes\Wave\WaveMath.h(800,2): warning C5033: 'register' is no longer a supported storage class
D:\GitHub\Magma-Engine\includes\Wave\WaveMath.h(801,2): warning C5033: 'register' is no longer a supported storage class
D:\GitHub\Magma-Engine\includes\Wave\WaveMath.h(802,2): warning C5033: 'register' is no longer a supported storage class
D:\GitHub\Magma-Engine\includes\Wave\WaveMath.h(1176,2): warning C5033: 'register' is no longer a supported storage class
D:\GitHub\Magma-Engine\includes\Wave\WaveMath.h(1177,2): warning C5033: 'register' is no longer a supported storage class
D:\GitHub\Magma-Engine\includes\Wave\WaveMath.h(1191,2): warning C5033: 'register' is no longer a supported storage class
D:\GitHub\Magma-Engine\includes\Wave\WaveMath.h(1192,2): warning C5033: 'register' is no longer a supported storage class
D:\GitHub\Magma-Engine\includes\Wave\WaveMath.h(1206,2): warning C5033: 'register' is no longer a supported storage class
D:\GitHub\Magma-Engine\includes\Wave\WaveMath.h(1207,2): warning C5033: 'register' is no longer a supported storage class
D:\GitHub\Magma-Engine\includes\Wave\WaveMath.h(1295,2): warning C5033: 'register' is no longer a supported storage class
D:\GitHub\Magma-Engine\includes\Wave\WaveMath.h(1295,36): warning C4244: 'argument': conversion from 'double' to 'float', possible loss of data
D:\GitHub\Magma-Engine\includes\Wave\WaveMath.h(1295,19): warning C4244: 'initializing': conversion from 'double' to 'float', possible loss of data
D:\GitHub\Magma-Engine\includes\Wave\WaveMath.h(1328,2): warning C5033: 'register' is no longer a supported storage class
D:\GitHub\Magma-Engine\includes\Wave\WaveMath.h(1328,36): warning C4244: 'argument': conversion from 'double' to 'float', possible loss of data
D:\GitHub\Magma-Engine\includes\Wave\WaveMath.h(1328,19): warning C4244: 'initializing': conversion from 'double' to 'float', possible loss of data
D:\GitHub\Magma-Engine\includes\Wave\WaveMath.h(1534,23): warning C4244: 'return': conversion from 'double' to 'float', possible loss of data
D:\GitHub\Magma-Engine\includes\Wave\WaveLoader.h(690,11): warning C4189: 'j': local variable is initialized but not referenced
D:\GitHub\Magma-Engine\includes\Wave\WaveLoader.h(913,20): warning C4267: 'initializing': conversion from 'size_t' to 'uint32_t', possible loss of data
D:\GitHub\Magma-Engine\includes\Wave\WaveLoader.h(1304,32): warning C4244: '=': conversion from 'double' to 'float', possible loss of data
D:\GitHub\Magma-Engine\includes\Wave\WaveLoader.h(1106,56): warning C4100: 'Length': unreferenced formal parameter
D:\GitHub\Magma-Engine\includes\Wave\WaveLoader.h(1160,7): warning C4189: 'FoundMaterialFile': local variable is initialized but not referenced
D:\GitHub\Magma-Engine\includes\Wave\WaveLoader.h(1360,56): warning C4100: 'Length': unreferenced formal parameter
D:\GitHub\Magma-Engine\includes\Wave\WaveLoader.h(1883,48): warning C4100: 'Length': unreferenced formal parameter
D:\GitHub\Magma-Engine\includes\Wave\WaveLoader.h(1883,33): warning C4100: 'Buffer': unreferenced formal parameter
D:\GitHub\Magma-Engine\includes\Wave\WaveLoader.h(1888,36): warning C4100: 'Objects': unreferenced formal parameter
D:\GitHub\Magma-Engine\includes\Wave\WaveLoader.h(1893,88): warning C4100: 'Settings': unreferenced formal parameter
D:\GitHub\Magma-Engine\includes\Wave\WaveLoader.h(1893,40): warning C4100: 'FilePath': unreferenced formal parameter
D:\GitHub\Magma-Engine\includes\Wave\WaveLoader.h(1919,9): warning C4189: 'Base64Length': local variable is initialized but not referenced
D:\GitHub\Magma-Engine\includes\Wave\WaveLoader.h(1915,9): warning C4189: 'Offset': local variable is initialized but not referenced
D:\GitHub\Magma-Engine\includes\Wave\WaveLoader.h(1920,8): warning C4189: 'Base64PTR': local variable is initialized but not referenced
D:\GitHub\Magma-Engine\includes\Wave\WaveLoader.h(1977,24): warning C4267: '=': conversion from 'size_t' to 'uint32_t', possible loss of data
D:\GitHub\Magma-Engine\includes\Wave\WaveLoader.h(1998,24): warning C4267: '=': conversion from 'size_t' to 'uint32_t', possible loss of data
D:\GitHub\Magma-Engine\includes\Wave\WaveAudio.h(16,10): warning C4189: 'Success': local variable is initialized but not referenced
D:\GitHub\Magma-Engine\includes\Wave\WavePhysics.h(157,84): warning C4100: 'Plane': unreferenced formal parameter
D:\GitHub\Magma-Engine\includes\Wave\WavePhysics.h(157,61): warning C4100: 'Sphere': unreferenced formal parameter
D:\GitHub\Magma-Engine\includes\Wave\WavePhysics.h(192,35): warning C4305: 'initializing': truncation from 'double' to 'float'
D:\GitHub\Magma-Engine\includes\Json\Json.h(176,14): warning C4456: declaration of 'Obj' hides previous local declaration
D:\GitHub\Magma-Engine\includes\Json\Json.h(146,13): message : see declaration of 'Obj'
D:\GitHub\Magma-Engine\includes\Json\Json.h(182,17): warning C4456: declaration of 'Var' hides previous local declaration
D:\GitHub\Magma-Engine\includes\Json\Json.h(155,16): message : see declaration of 'Var'
D:\GitHub\Magma-Engine\includes\Json\Json.h(188,19): warning C4456: declaration of 'Var' hides previous local declaration
D:\GitHub\Magma-Engine\includes\Json\Json.h(182,17): message : see declaration of 'Var'
D:\GitHub\Magma-Engine\includes\Json\Json.h(161,14): warning C4189: 'PrevObj': local variable is initialized but not referenced
D:\GitHub\Magma-Engine\includes\Base64\Base64.h(84,18): warning C4244: '=': conversion from '__int64' to 'DWORD', possible loss of data
D:\GitHub\Magma-Engine\includes\OpenVK\CMA.h(298,20): warning C4267: 'initializing': conversion from 'size_t' to 'uint32_t', possible loss of data
D:\GitHub\Magma-Engine\includes\OpenVK\OpenVK_VkHelperFunc.h(566,17): warning C4267: 'return': conversion from 'size_t' to 'uint32_t', possible loss of data
D:\GitHub\Magma-Engine\includes\OpenVK\OpenVK_VkHelperFunc.h(573,50): warning C4244: 'argument': conversion from 'VkDeviceSize' to 'uint32_t', possible loss of data
D:\GitHub\Magma-Engine\includes\OpenVK\OpenVK_VkHelperFunc.h(573,34): warning C4267: 'argument': conversion from 'size_t' to 'uint32_t', possible loss of data
D:\GitHub\Magma-Engine\includes\OpenVK\OpenVK_VkHelperFunc.h(584,17): warning C4267: 'return': conversion from 'size_t' to 'uint32_t', possible loss of data
D:\GitHub\Magma-Engine\includes\OpenVK\OpenVK_VkRaytracing.h(353,17): warning C4267: 'return': conversion from 'size_t' to 'uint32_t', possible loss of data
D:\GitHub\Magma-Engine\includes\OpenVK\OpenVK_VkRaytracing.h(395,84): warning C4267: '=': conversion from 'size_t' to 'uint32_t', possible loss of data
D:\GitHub\Magma-Engine\includes\OpenVK\OpenVK_VkRaytracing.h(467,17): warning C4267: 'return': conversion from 'size_t' to 'uint32_t', possible loss of data
D:\GitHub\Magma-Engine\includes\OpenVK\OpenVK_VkRaytracing.h(485,17): warning C4267: 'return': conversion from 'size_t' to 'uint32_t', possible loss of data
D:\GitHub\Magma-Engine\includes\OpenVK\OpenVK_VkRaytracing.h(644,17): warning C4267: 'return': conversion from 'size_t' to 'OpenVkBool', possible loss of data
D:\GitHub\Magma-Engine\includes\OpenVK\OpenVK_VkRaytracing.h(735,17): warning C4267: 'return': conversion from 'size_t' to 'uint32_t', possible loss of data
D:\GitHub\Magma-Engine\includes\OpenVK\OpenVK_VkRenderer.h(347,17): warning C4267: 'return': conversion from 'size_t' to 'uint32_t', possible loss of data
D:\GitHub\Magma-Engine\includes\OpenVK\OpenVK_VkRenderer.h(354,81): warning C4018: '<': signed/unsigned mismatch
D:\GitHub\Magma-Engine\includes\OpenVK\OpenVK_VkRenderer.h(371,17): warning C4267: 'return': conversion from 'size_t' to 'uint32_t', possible loss of data
D:\GitHub\Magma-Engine\includes\OpenVK\OpenVK_VkRenderer.h(385,81): warning C4018: '<': signed/unsigned mismatch
D:\GitHub\Magma-Engine\includes\OpenVK\OpenVK_VkRenderer.h(400,17): warning C4267: 'return': conversion from 'size_t' to 'uint32_t', possible loss of data
D:\GitHub\Magma-Engine\includes\OpenVK\OpenVK_VkRenderer.h(447,83): warning C4018: '<': signed/unsigned mismatch
D:\GitHub\Magma-Engine\includes\OpenVK\OpenVK_VkRenderer.h(484,83): warning C4018: '<': signed/unsigned mismatch
D:\GitHub\Magma-Engine\includes\OpenVK\OpenVK_VkRenderer.h(645,34): warning C4267: '=': conversion from 'size_t' to 'uint32_t', possible loss of data
D:\GitHub\Magma-Engine\includes\OpenVK\OpenVK_VkRenderer.h(719,86): warning C4018: '<': signed/unsigned mismatch
D:\GitHub\Magma-Engine\includes\OpenVK\OpenVK_VkRenderer.h(819,17): warning C4267: 'return': conversion from 'size_t' to 'uint32_t', possible loss of data
D:\GitHub\Magma-Engine\includes\OpenVK\OpenVK_VkRenderer.h(976,17): warning C4267: 'return': conversion from 'size_t' to 'uint32_t', possible loss of data
D:\GitHub\Magma-Engine\includes\OpenVK\OpenVK_VkRenderer.h(1261,29): warning C4267: 'initializing': conversion from 'size_t' to 'uint32_t', possible loss of data
D:\GitHub\Magma-Engine\includes\OpenVK\OpenVK_VkRenderer.h(1423,39): warning C4244: 'argument': conversion from 'int32_t' to 'float', possible loss of data
D:\GitHub\Magma-Engine\includes\OpenVK\OpenVK_VkRenderer.h(1423,72): warning C4244: '=': conversion from 'float' to 'uint32_t', possible loss of data
D:\GitHub\Magma-Engine\includes\OpenVK\OpenVK_VkRenderer.h(1460,17): warning C4267: 'return': conversion from 'size_t' to 'uint32_t', possible loss of data
D:\GitHub\Magma-Engine\includes\OpenVK\OpenVK_VkRenderer.h(1474,17): warning C4267: 'return': conversion from 'size_t' to 'uint32_t', possible loss of data
D:\GitHub\Magma-Engine\includes\OpenVK\OpenVK_VkRenderer.h(1667,33): warning C4244: '=': conversion from 'uint32_t' to 'float', possible loss of data
D:\GitHub\Magma-Engine\includes\OpenVK\OpenVK_VkRenderer.h(1675,17): warning C4267: 'return': conversion from 'size_t' to 'uint32_t', possible loss of data
D:\GitHub\Magma-Engine\includes\OpenVK\OpenVK_VkRenderer.h(1740,17): warning C4267: 'return': conversion from 'size_t' to 'uint32_t', possible loss of data
D:\GitHub\Magma-Engine\includes\OpenVK\OpenVK_VkRenderer.h(1751,17): warning C4267: 'return': conversion from 'size_t' to 'uint32_t', possible loss of data
D:\GitHub\Magma-Engine\includes\OpenVK\OpenVK_VkRenderer.h(1895,154): warning C4267: 'argument': conversion from 'size_t' to 'uint32_t', possible loss of data
D:\GitHub\Magma-Engine\includes\OpenVK\OpenVK_GUI.h(228,9): warning C4244: 'return': conversion from 'float' to 'uint32_t', possible loss of data
D:\GitHub\Magma-Engine\includes\OpenVK\OpenVK_GUI.h(445,21): warning C4244: '=': conversion from 'double' to 'uint32_t', possible loss of data
D:\GitHub\Magma-Engine\includes\OpenVK\OpenVK_GUI.h(446,30): warning C4244: '=': conversion from 'float' to 'uint32_t', possible loss of data
D:\GitHub\Magma-Engine\includes\OpenVK\OpenVK_GUI.h(447,20): warning C4305: '=': truncation from 'double' to 'float'
D:\GitHub\Magma-Engine\includes\OpenVK\OpenVK_GUI.h(448,28): warning C4305: '=': truncation from 'double' to 'float'
D:\GitHub\Magma-Engine\includes\OpenVK\OpenVK_GUI.h(449,27): warning C4305: '=': truncation from 'double' to 'float'
D:\GitHub\Magma-Engine\includes\OpenVK\OpenVK_GUI.h(450,26): warning C4305: '=': truncation from 'double' to 'float'
D:\GitHub\Magma-Engine\includes\OpenVK\OpenVK_GUI.h(593,37): warning C4244: '=': conversion from 'uint32_t' to 'float', possible loss of data
D:\GitHub\Magma-Engine\includes\OpenVK\OpenVK_GUI.h(594,38): warning C4244: '=': conversion from 'uint32_t' to 'float', possible loss of data
D:\GitHub\Magma-Engine\includes\OpenVK\OpenVK_GUI.h(631,46): warning C4244: '=': conversion from 'uint32_t' to 'float', possible loss of data
D:\GitHub\Magma-Engine\includes\OpenVK\OpenVK_GUI.h(632,47): warning C4244: '=': conversion from 'uint32_t' to 'float', possible loss of data
D:\GitHub\Magma-Engine\includes\OpenVK\OpenVK_GUI.h(727,33): warning C4244: 'argument': conversion from 'uint32_t' to 'float', possible loss of data
D:\GitHub\Magma-Engine\includes\OpenVK\OpenVK_GUI.h(727,26): warning C4244: 'argument': conversion from 'uint32_t' to 'float', possible loss of data
D:\GitHub\Magma-Engine\includes\OpenVK\OpenVK_GUI.h(768,20): warning C4189: 'Wnd': local variable is initialized but not referenced
D:\GitHub\Magma-Engine\includes\OpenVK\OpenVK_GUI.h(784,61): warning C4244: 'argument': conversion from 'uint32_t' to 'float', possible loss of data
D:\GitHub\Magma-Engine\includes\OpenVK\OpenVK_GUI.h(784,44): warning C4244: 'argument': conversion from 'uint32_t' to 'float', possible loss of data
D:\GitHub\Magma-Engine\includes\OpenVK\OpenVK_GUI.h(886,25): warning C4244: '=': conversion from 'int32_t' to 'float', possible loss of data
D:\GitHub\Magma-Engine\includes\OpenVK\OpenVK_GUI.h(899,25): warning C4244: '=': conversion from 'int32_t' to 'float', possible loss of data
D:\GitHub\Magma-Engine\includes\OpenVK\OpenVK_GUI.h(914,22): warning C4244: '+=': conversion from 'double' to 'uint32_t', possible loss of data
D:\GitHub\Magma-Engine\includes\OpenVK\OpenVK_GUI.h(920,18): warning C4267: 'initializing': conversion from 'size_t' to 'uint32_t', possible loss of data
D:\GitHub\Magma-Engine\includes\OpenVK\OpenVK_GUI.h(921,17): warning C4244: 'initializing': conversion from 'double' to 'uint32_t', possible loss of data
D:\GitHub\Magma-Engine\includes\OpenVK\OpenVK_GUI.h(941,11): warning C4244: 'initializing': conversion from 'double' to 'float', possible loss of data
D:\GitHub\Magma-Engine\includes\OpenVK\OpenVK_GUI.h(1022,11): warning C4244: 'return': conversion from 'float' to 'uint32_t', possible loss of data
D:\GitHub\Magma-Engine\includes\OpenVK\OpenVK_GUI.h(911,98): warning C4100: 'MaxLength': unreferenced formal parameter
D:\GitHub\Magma-Engine\includes\OpenVK\OpenVK_GUI.h(1029,8): warning C4838: conversion from 'int32_t' to 'float' requires a narrowing conversion
D:\GitHub\Magma-Engine\includes\OpenVK\OpenVK_GUI.h(1029,8): warning C4244: 'initializing': conversion from 'int32_t' to 'float', possible loss of data
D:\GitHub\Magma-Engine\includes\OpenVK\OpenVK_GUI.h(1029,16): warning C4838: conversion from 'int32_t' to 'float' requires a narrowing conversion
D:\GitHub\Magma-Engine\includes\OpenVK\OpenVK_GUI.h(1029,16): warning C4244: 'initializing': conversion from 'int32_t' to 'float', possible loss of data
D:\GitHub\Magma-Engine\includes\OpenVK\OpenVK_GUI.h(1029,41): warning C4838: conversion from 'int32_t' to 'float' requires a narrowing conversion
D:\GitHub\Magma-Engine\includes\OpenVK\OpenVK_GUI.h(1029,41): warning C4244: 'initializing': conversion from 'int32_t' to 'float', possible loss of data
D:\GitHub\Magma-Engine\includes\OpenVK\OpenVK_GUI.h(1029,44): warning C4838: conversion from 'int32_t' to 'float' requires a narrowing conversion
D:\GitHub\Magma-Engine\includes\OpenVK\OpenVK_GUI.h(1029,44): warning C4244: 'initializing': conversion from 'int32_t' to 'float', possible loss of data
D:\GitHub\Magma-Engine\includes\OpenVK\OpenVK_GUI.h(1030,8): warning C4838: conversion from 'int32_t' to 'float' requires a narrowing conversion
D:\GitHub\Magma-Engine\includes\OpenVK\OpenVK_GUI.h(1030,8): warning C4244: 'initializing': conversion from 'int32_t' to 'float', possible loss of data
D:\GitHub\Magma-Engine\includes\OpenVK\OpenVK_GUI.h(1030,13): warning C4838: conversion from 'int32_t' to 'float' requires a narrowing conversion
D:\GitHub\Magma-Engine\includes\OpenVK\OpenVK_GUI.h(1030,13): warning C4244: 'initializing': conversion from 'int32_t' to 'float', possible loss of data
D:\GitHub\Magma-Engine\includes\OpenVK\OpenVK_GUI.h(1030,37): warning C4838: conversion from 'int32_t' to 'float' requires a narrowing conversion
D:\GitHub\Magma-Engine\includes\OpenVK\OpenVK_GUI.h(1030,37): warning C4244: 'initializing': conversion from 'int32_t' to 'float', possible loss of data
D:\GitHub\Magma-Engine\includes\OpenVK\OpenVK_GUI.h(1030,40): warning C4838: conversion from 'int32_t' to 'float' requires a narrowing conversion
D:\GitHub\Magma-Engine\includes\OpenVK\OpenVK_GUI.h(1030,40): warning C4244: 'initializing': conversion from 'int32_t' to 'float', possible loss of data
D:\GitHub\Magma-Engine\includes\OpenVK\OpenVK_GUI.h(1031,6): warning C4838: conversion from 'int32_t' to 'float' requires a narrowing conversion
D:\GitHub\Magma-Engine\includes\OpenVK\OpenVK_GUI.h(1031,6): warning C4244: 'initializing': conversion from 'int32_t' to 'float', possible loss of data
D:\GitHub\Magma-Engine\includes\OpenVK\OpenVK_GUI.h(1031,9): warning C4838: conversion from 'int32_t' to 'float' requires a narrowing conversion
D:\GitHub\Magma-Engine\includes\OpenVK\OpenVK_GUI.h(1031,9): warning C4244: 'initializing': conversion from 'int32_t' to 'float', possible loss of data
D:\GitHub\Magma-Engine\includes\OpenVK\OpenVK_GUI.h(1031,34): warning C4838: conversion from 'int32_t' to 'float' requires a narrowing conversion
D:\GitHub\Magma-Engine\includes\OpenVK\OpenVK_GUI.h(1031,34): warning C4244: 'initializing': conversion from 'int32_t' to 'float', possible loss of data
D:\GitHub\Magma-Engine\includes\OpenVK\OpenVK_GUI.h(1031,37): warning C4838: conversion from 'int32_t' to 'float' requires a narrowing conversion
D:\GitHub\Magma-Engine\includes\OpenVK\OpenVK_GUI.h(1031,37): warning C4244: 'initializing': conversion from 'int32_t' to 'float', possible loss of data
D:\GitHub\Magma-Engine\includes\OpenVK\OpenVK_GUI.h(1032,6): warning C4838: conversion from 'int32_t' to 'float' requires a narrowing conversion
D:\GitHub\Magma-Engine\includes\OpenVK\OpenVK_GUI.h(1032,6): warning C4244: 'initializing': conversion from 'int32_t' to 'float', possible loss of data
D:\GitHub\Magma-Engine\includes\OpenVK\OpenVK_GUI.h(1032,12): warning C4838: conversion from 'int32_t' to 'float' requires a narrowing conversion
D:\GitHub\Magma-Engine\includes\OpenVK\OpenVK_GUI.h(1032,12): warning C4244: 'initializing': conversion from 'int32_t' to 'float', possible loss of data
D:\GitHub\Magma-Engine\includes\OpenVK\OpenVK_GUI.h(1032,38): warning C4838: conversion from 'int32_t' to 'float' requires a narrowing conversion
D:\GitHub\Magma-Engine\includes\OpenVK\OpenVK_GUI.h(1032,38): warning C4244: 'initializing': conversion from 'int32_t' to 'float', possible loss of data
D:\GitHub\Magma-Engine\includes\OpenVK\OpenVK_GUI.h(1032,41): warning C4838: conversion from 'int32_t' to 'float' requires a narrowing conversion
D:\GitHub\Magma-Engine\includes\OpenVK\OpenVK_GUI.h(1032,41): warning C4244: 'initializing': conversion from 'int32_t' to 'float', possible loss of data
D:\GitHub\Magma-Engine\includes\OpenVK\OpenVK_GUI.h(1104,15): warning C4838: conversion from 'int32_t' to 'float' requires a narrowing conversion
D:\GitHub\Magma-Engine\includes\OpenVK\OpenVK_GUI.h(1104,15): warning C4244: 'initializing': conversion from 'int32_t' to 'float', possible loss of data
D:\GitHub\Magma-Engine\includes\OpenVK\OpenVK_GUI.h(1104,34): warning C4838: conversion from 'int32_t' to 'float' requires a narrowing conversion
D:\GitHub\Magma-Engine\includes\OpenVK\OpenVK_GUI.h(1104,34): warning C4244: 'initializing': conversion from 'int32_t' to 'float', possible loss of data
D:\GitHub\Magma-Engine\includes\OpenVK\OpenVK_GUI.h(1104,70): warning C4838: conversion from 'int32_t' to 'float' requires a narrowing conversion
D:\GitHub\Magma-Engine\includes\OpenVK\OpenVK_GUI.h(1104,70): warning C4244: 'initializing': conversion from 'int32_t' to 'float', possible loss of data
D:\GitHub\Magma-Engine\includes\OpenVK\OpenVK_GUI.h(1104,79): warning C4838: conversion from 'int32_t' to 'float' requires a narrowing conversion
D:\GitHub\Magma-Engine\includes\OpenVK\OpenVK_GUI.h(1104,79): warning C4244: 'initializing': conversion from 'int32_t' to 'float', possible loss of data
D:\GitHub\Magma-Engine\includes\OpenVK\OpenVK_GUI.h(1105,15): warning C4838: conversion from 'int32_t' to 'float' requires a narrowing conversion
D:\GitHub\Magma-Engine\includes\OpenVK\OpenVK_GUI.h(1105,15): warning C4244: 'initializing': conversion from 'int32_t' to 'float', possible loss of data
D:\GitHub\Magma-Engine\includes\OpenVK\OpenVK_GUI.h(1105,30): warning C4838: conversion from 'int32_t' to 'float' requires a narrowing conversion
D:\GitHub\Magma-Engine\includes\OpenVK\OpenVK_GUI.h(1105,30): warning C4244: 'initializing': conversion from 'int32_t' to 'float', possible loss of data
D:\GitHub\Magma-Engine\includes\OpenVK\OpenVK_GUI.h(1105,64): warning C4838: conversion from 'int32_t' to 'float' requires a narrowing conversion
D:\GitHub\Magma-Engine\includes\OpenVK\OpenVK_GUI.h(1105,64): warning C4244: 'initializing': conversion from 'int32_t' to 'float', possible loss of data
D:\GitHub\Magma-Engine\includes\OpenVK\OpenVK_GUI.h(1105,73): warning C4838: conversion from 'int32_t' to 'float' requires a narrowing conversion
D:\GitHub\Magma-Engine\includes\OpenVK\OpenVK_GUI.h(1105,73): warning C4244: 'initializing': conversion from 'int32_t' to 'float', possible loss of data
D:\GitHub\Magma-Engine\includes\OpenVK\OpenVK_GUI.h(1106,11): warning C4838: conversion from 'int32_t' to 'float' requires a narrowing conversion
D:\GitHub\Magma-Engine\includes\OpenVK\OpenVK_GUI.h(1106,11): warning C4244: 'initializing': conversion from 'int32_t' to 'float', possible loss of data
D:\GitHub\Magma-Engine\includes\OpenVK\OpenVK_GUI.h(1106,24): warning C4838: conversion from 'int32_t' to 'float' requires a narrowing conversion
D:\GitHub\Magma-Engine\includes\OpenVK\OpenVK_GUI.h(1106,24): warning C4244: 'initializing': conversion from 'int32_t' to 'float', possible loss of data
D:\GitHub\Magma-Engine\includes\OpenVK\OpenVK_GUI.h(1106,59): warning C4838: conversion from 'int32_t' to 'float' requires a narrowing conversion
D:\GitHub\Magma-Engine\includes\OpenVK\OpenVK_GUI.h(1106,59): warning C4244: 'initializing': conversion from 'int32_t' to 'float', possible loss of data
D:\GitHub\Magma-Engine\includes\OpenVK\OpenVK_GUI.h(1106,68): warning C4838: conversion from 'int32_t' to 'float' requires a narrowing conversion
D:\GitHub\Magma-Engine\includes\OpenVK\OpenVK_GUI.h(1106,68): warning C4244: 'initializing': conversion from 'int32_t' to 'float', possible loss of data
D:\GitHub\Magma-Engine\includes\OpenVK\OpenVK_GUI.h(1107,11): warning C4838: conversion from 'int32_t' to 'float' requires a narrowing conversion
D:\GitHub\Magma-Engine\includes\OpenVK\OpenVK_GUI.h(1107,11): warning C4244: 'initializing': conversion from 'int32_t' to 'float', possible loss of data
D:\GitHub\Magma-Engine\includes\OpenVK\OpenVK_GUI.h(1107,28): warning C4838: conversion from 'int32_t' to 'float' requires a narrowing conversion
D:\GitHub\Magma-Engine\includes\OpenVK\OpenVK_GUI.h(1107,28): warning C4244: 'initializing': conversion from 'int32_t' to 'float', possible loss of data
D:\GitHub\Magma-Engine\includes\OpenVK\OpenVK_GUI.h(1107,65): warning C4838: conversion from 'int32_t' to 'float' requires a narrowing conversion
D:\GitHub\Magma-Engine\includes\OpenVK\OpenVK_GUI.h(1107,65): warning C4244: 'initializing': conversion from 'int32_t' to 'float', possible loss of data
D:\GitHub\Magma-Engine\includes\OpenVK\OpenVK_GUI.h(1107,74): warning C4838: conversion from 'int32_t' to 'float' requires a narrowing conversion
D:\GitHub\Magma-Engine\includes\OpenVK\OpenVK_GUI.h(1107,74): warning C4244: 'initializing': conversion from 'int32_t' to 'float', possible loss of data
D:\GitHub\Magma-Engine\includes\OpenVK\OpenVK_GUI.h(1137,29): warning C4244: 'initializing': conversion from 'float' to 'uint32_t', possible loss of data
D:\GitHub\Magma-Engine\includes\OpenVK\OpenVK_GUI.h(1138,27): warning C4244: 'initializing': conversion from 'float' to 'uint32_t', possible loss of data
D:\GitHub\Magma-Engine\includes\OpenVK\OpenVK_GUI.h(1294,77): warning C4244: 'argument': conversion from 'float' to 'int32_t', possible loss of data
D:\GitHub\Magma-Engine\includes\OpenVK\OpenVK_GUI.h(1294,43): warning C4244: 'argument': conversion from 'float' to 'int32_t', possible loss of data
D:\GitHub\Magma-Engine\includes\OpenVK\OpenVK_GUI.h(1325,45): warning C4244: 'argument': conversion from 'float' to 'uint32_t', possible loss of data
D:\GitHub\Magma-Engine\includes\OpenVK\OpenVK_GUI.h(1330,37): warning C4244: '=': conversion from 'float' to 'uint32_t', possible loss of data
D:\GitHub\Magma-Engine\includes\OpenVK\OpenVK_GUI.h(1320,11): warning C4189: 'y': local variable is initialized but not referenced
D:\GitHub\Magma-Engine\includes\OpenVK\OpenVK_GUI.h(1322,11): warning C4189: 'h': local variable is initialized but not referenced
D:\GitHub\Magma-Engine\includes\OpenVK\OpenVK_GUI.h(1342,8): warning C4244: 'argument': conversion from 'float' to 'uint32_t', possible loss of data
D:\GitHub\Magma-Engine\includes\OpenVK\OpenVK_GUI.h(1341,59): warning C4244: 'argument': conversion from 'float' to 'uint32_t', possible loss of data
D:\GitHub\Magma-Engine\includes\OpenVK\OpenVK_GUI.h(1337,11): warning C4189: 'y': local variable is initialized but not referenced
D:\GitHub\Magma-Engine\includes\OpenVK\OpenVK_GUI.h(1336,11): warning C4189: 'x': local variable is initialized but not referenced
D:\GitHub\Magma-Engine\includes\OpenVK\OpenVK_GUI.h(1339,11): warning C4189: 'h': local variable is initialized but not referenced
D:\GitHub\Magma-Engine\includes\OpenVK\OpenVK_GUI.h(1357,20): warning C4244: '=': conversion from 'float' to 'int32_t', possible loss of data
D:\GitHub\Magma-Engine\includes\OpenVK\OpenVK_GUI.h(1349,11): warning C4189: 'y': local variable is initialized but not referenced
D:\GitHub\Magma-Engine\includes\OpenVK\OpenVK_GUI.h(1351,11): warning C4189: 'h': local variable is initialized but not referenced
D:\GitHub\Magma-Engine\includes\OpenVK\OpenVK_GUI.h(1350,11): warning C4189: 'w': local variable is initialized but not referenced
D:\GitHub\Magma-Engine\includes\OpenVK\OpenVK_GUI.h(1390,20): warning C4244: '=': conversion from 'float' to 'int32_t', possible loss of data
D:\GitHub\Magma-Engine\includes\OpenVK\OpenVK_GUI.h(1391,20): warning C4244: '=': conversion from 'float' to 'int32_t', possible loss of data
D:\GitHub\Magma-Engine\includes\OpenVK\OpenVK_GUI.h(1405,46): warning C4244: 'argument': conversion from 'double' to 'int32_t', possible loss of data
D:\GitHub\Magma-Engine\includes\OpenVK\OpenVK_GUI.h(1404,46): warning C4244: 'argument': conversion from 'double' to 'int32_t', possible loss of data
D:\GitHub\Magma-Engine\includes\OpenVK\OpenVK_GUI.h(1403,47): warning C4244: 'argument': conversion from 'float' to 'int32_t', possible loss of data
D:\GitHub\Magma-Engine\includes\OpenVK\OpenVK_GUI.h(1402,41): warning C4244: 'argument': conversion from 'float' to 'int32_t', possible loss of data
D:\GitHub\Magma-Engine\includes\OpenVK\OpenVK_GUI.h(1379,11): warning C4189: 'y': local variable is initialized but not referenced
D:\GitHub\Magma-Engine\includes\OpenVK\OpenVK_GUI.h(1381,11): warning C4189: 'h': local variable is initialized but not referenced
D:\GitHub\Magma-Engine\includes\OpenVK\OpenVK_GUI.h(1380,11): warning C4189: 'w': local variable is initialized but not referenced
D:\GitHub\Magma-Engine\includes\OpenVK\OpenVK_GUI.h(1432,20): warning C4244: '=': conversion from 'float' to 'int32_t', possible loss of data
D:\GitHub\Magma-Engine\includes\OpenVK\OpenVK_GUI.h(1473,22): warning C4244: '-=': conversion from 'float' to 'int32_t', possible loss of data
D:\GitHub\Magma-Engine\includes\OpenVK\OpenVK_GUI.h(1474,22): warning C4244: '+=': conversion from 'float' to 'int32_t', possible loss of data
D:\GitHub\Magma-Engine\includes\OpenVK\OpenVK_GUI.h(1499,22): warning C4244: '+=': conversion from 'float' to 'int32_t', possible loss of data
D:\GitHub\Magma-Engine\includes\OpenVK\OpenVK_GUI.h(1514,20): warning C4244: '=': conversion from 'float' to 'int32_t', possible loss of data
D:\GitHub\Magma-Engine\includes\OpenVK\OpenVK_GUI.h(1515,30): warning C4244: '=': conversion from 'float' to 'int32_t', possible loss of data
D:\GitHub\Magma-Engine\includes\OpenVK\OpenVK_GUI.h(1516,67): warning C4244: '=': conversion from 'float' to 'int32_t', possible loss of data
D:\GitHub\Magma-Engine\includes\OpenVK\OpenVK_GUI.h(1518,12): warning C4244: '+=': conversion from 'float' to 'int32_t', possible loss of data
D:\GitHub\Magma-Engine\includes\OpenVK\OpenVK_GUI.h(1522,41): warning C4244: '=': conversion from 'double' to 'float', possible loss of data
D:\GitHub\Magma-Engine\includes\OpenVK\OpenVK_GUI.h(1424,11): warning C4189: 'y': local variable is initialized but not referenced
D:\GitHub\Magma-Engine\includes\OpenVK\OpenVK_GUI.h(1426,11): warning C4189: 'h': local variable is initialized but not referenced
D:\GitHub\Magma-Engine\includes\OpenVK\OpenVK_GUI.h(1555,20): warning C4244: '=': conversion from 'float' to 'int32_t', possible loss of data
D:\GitHub\Magma-Engine\includes\OpenVK\OpenVK_GUI.h(1543,61): warning C4100: 'Max': unreferenced formal parameter
D:\GitHub\Magma-Engine\includes\OpenVK\OpenVK_GUI.h(1543,50): warning C4100: 'Min': unreferenced formal parameter
D:\GitHub\Magma-Engine\includes\OpenVK\OpenVK_GUI.h(1547,11): warning C4189: 'y': local variable is initialized but not referenced
D:\GitHub\Magma-Engine\includes\OpenVK\OpenVK_GUI.h(1549,11): warning C4189: 'h': local variable is initialized but not referenced
D:\GitHub\Magma-Engine\includes\OpenVK\OpenVK_GUI.h(1580,62): warning C4100: 'KeyWords': unreferenced formal parameter
D:\GitHub\Magma-Engine\includes\OpenVK\OpenVK_GUI.h(1580,30): warning C4100: 'Length': unreferenced formal parameter
D:\GitHub\Magma-Engine\includes\OpenVK\OpenVK_GUI.h(1596,11): warning C4189: 'LineLength': local variable is initialized but not referenced
D:\GitHub\Magma-Engine\includes\ImGui\FileDialog\ImFileDialog.cpp(45,1): warning C4005: 'PI': macro redefinition
D:\GitHub\Magma-Engine\includes\OpenVK\OpenVK_Defines.h(7,1): message : see previous definition of 'PI'
D:\GitHub\Magma-Engine\includes\ImGui\FileDialog\ImFileDialog.cpp(454,68): warning C4244: 'argument': conversion from 'int' to 'const _Elem', possible loss of data
          with
          [
              _Elem=char
          ]
D:\GitHub\Magma-Engine\includes\ImGui\FileDialog\ImFileDialog.cpp(455,72): warning C4244: 'argument': conversion from 'int' to 'const _Elem', possible loss of data
          with
          [
              _Elem=char
          ]
D:\GitHub\Magma-Engine\includes\ImGui\FileDialog\ImFileDialog.cpp(1305,25): warning C4456: declaration of 'filename' hides previous local declaration
D:\GitHub\Magma-Engine\includes\ImGui\FileDialog\ImFileDialog.cpp(1289,30): message : see declaration of 'filename'
D:\GitHub\Magma-Engine\includes\ImGui\FileDialog\ImFileDialog.cpp(1597,27): warning C4456: declaration of 'ec' hides previous local declaration
D:\GitHub\Magma-Engine\includes\ImGui\FileDialog\ImFileDialog.cpp(1571,21): message : see declaration of 'ec'
D:\GitHub\Magma-Engine\includes\ImGui\FileDialog\ImFileDialog.cpp(1655,25): warning C4456: declaration of 'ec' hides previous local declaration
D:\GitHub\Magma-Engine\includes\ImGui\FileDialog\ImFileDialog.cpp(1571,21): message : see declaration of 'ec'
D:\GitHub\Magma-Engine\includes\ImGui\FileDialog\ImFileDialog.cpp(1613,25): warning C4189: 'data': local variable is initialized but not referenced
D:\GitHub\Magma-Engine\Magma Engine v7\Renderer\Pipelines\ShadowHelper.h(30,26): warning C4305: 'initializing': truncation from 'double' to 'float'
D:\GitHub\Magma-Engine\Magma Engine v7\Renderer\Pipelines\ShadowHelper.h(30,31): warning C4305: 'initializing': truncation from 'double' to 'float'
D:\GitHub\Magma-Engine\Magma Engine v7\Renderer\Pipelines\ShadowHelper.h(37,26): warning C4305: 'initializing': truncation from 'double' to 'float'
D:\GitHub\Magma-Engine\Magma Engine v7\Renderer\Helper\RendererHelper.h(4,19): warning C4305: 'initializing': truncation from 'double' to 'float'
D:\GitHub\Magma-Engine\Magma Engine v7\Renderer\Helper\RendererHelper.h(10,21): warning C4305: 'initializing': truncation from 'double' to 'float'
D:\GitHub\Magma-Engine\Magma Engine v7\Renderer\Helper\RendererHelper.h(10,27): warning C4305: 'initializing': truncation from 'double' to 'float'
D:\GitHub\Magma-Engine\Magma Engine v7\Renderer\Helper\RendererHelper.h(10,32): warning C4305: 'initializing': truncation from 'double' to 'float'
D:\GitHub\Magma-Engine\Magma Engine v7\Renderer\Helper\Meshes.h(23,25): warning C4305: 'initializing': truncation from 'double' to 'float'
D:\GitHub\Magma-Engine\Magma Engine v7\Renderer\Helper\Meshes.h(23,30): warning C4305: 'initializing': truncation from 'double' to 'float'
D:\GitHub\Magma-Engine\Magma Engine v7\Renderer\Helper\Meshes.h(23,35): warning C4305: 'initializing': truncation from 'double' to 'float'
D:\GitHub\Magma-Engine\Magma Engine v7\Renderer\Helper\Meshes.h(24,25): warning C4305: 'initializing': truncation from 'double' to 'float'
D:\GitHub\Magma-Engine\Magma Engine v7\Renderer\Helper\Meshes.h(24,30): warning C4305: 'initializing': truncation from 'double' to 'float'
D:\GitHub\Magma-Engine\Magma Engine v7\Renderer\Helper\Meshes.h(24,35): warning C4305: 'initializing': truncation from 'double' to 'float'
D:\GitHub\Magma-Engine\Magma Engine v7\Renderer\Helper\Meshes.h(25,25): warning C4305: 'initializing': truncation from 'double' to 'float'
D:\GitHub\Magma-Engine\Magma Engine v7\Renderer\Helper\Meshes.h(25,30): warning C4305: 'initializing': truncation from 'double' to 'float'
D:\GitHub\Magma-Engine\Magma Engine v7\Renderer\Helper\Meshes.h(25,35): warning C4305: 'initializing': truncation from 'double' to 'float'
D:\GitHub\Magma-Engine\Magma Engine v7\Renderer\Helper\Meshes.h(26,25): warning C4305: 'initializing': truncation from 'double' to 'float'
D:\GitHub\Magma-Engine\Magma Engine v7\Renderer\Helper\Meshes.h(26,30): warning C4305: 'initializing': truncation from 'double' to 'float'
D:\GitHub\Magma-Engine\Magma Engine v7\Renderer\Helper\Meshes.h(26,35): warning C4305: 'initializing': truncation from 'double' to 'float'
D:\GitHub\Magma-Engine\Magma Engine v7\Renderer\Helper\Meshes.h(27,25): warning C4305: 'initializing': truncation from 'double' to 'float'
D:\GitHub\Magma-Engine\Magma Engine v7\Renderer\Helper\Meshes.h(27,30): warning C4305: 'initializing': truncation from 'double' to 'float'
D:\GitHub\Magma-Engine\Magma Engine v7\Renderer\Helper\Meshes.h(27,35): warning C4305: 'initializing': truncation from 'double' to 'float'
D:\GitHub\Magma-Engine\Magma Engine v7\Renderer\Helper\Meshes.h(28,25): warning C4305: 'initializing': truncation from 'double' to 'float'
D:\GitHub\Magma-Engine\Magma Engine v7\Renderer\Helper\Meshes.h(28,30): warning C4305: 'initializing': truncation from 'double' to 'float'
D:\GitHub\Magma-Engine\Magma Engine v7\Renderer\Helper\Meshes.h(28,35): warning C4305: 'initializing': truncation from 'double' to 'float'
D:\GitHub\Magma-Engine\Magma Engine v7\Renderer\Helper\Meshes.h(29,25): warning C4305: 'initializing': truncation from 'double' to 'float'
D:\GitHub\Magma-Engine\Magma Engine v7\Renderer\Helper\Meshes.h(29,30): warning C4305: 'initializing': truncation from 'double' to 'float'
D:\GitHub\Magma-Engine\Magma Engine v7\Renderer\Helper\Meshes.h(29,35): warning C4305: 'initializing': truncation from 'double' to 'float'
D:\GitHub\Magma-Engine\Magma Engine v7\Renderer\Helper\Meshes.h(30,25): warning C4305: 'initializing': truncation from 'double' to 'float'
D:\GitHub\Magma-Engine\Magma Engine v7\Renderer\Helper\Meshes.h(30,30): warning C4305: 'initializing': truncation from 'double' to 'float'
D:\GitHub\Magma-Engine\Magma Engine v7\Renderer\Helper\Meshes.h(30,35): warning C4305: 'initializing': truncation from 'double' to 'float'
D:\GitHub\Magma-Engine\Magma Engine v7\Renderer\Helper\Meshes.h(31,25): warning C4305: 'initializing': truncation from 'double' to 'float'
D:\GitHub\Magma-Engine\Magma Engine v7\Renderer\Helper\Meshes.h(31,30): warning C4305: 'initializing': truncation from 'double' to 'float'
D:\GitHub\Magma-Engine\Magma Engine v7\Renderer\Helper\Meshes.h(31,35): warning C4305: 'initializing': truncation from 'double' to 'float'
D:\GitHub\Magma-Engine\Magma Engine v7\Renderer\Helper\Meshes.h(32,25): warning C4305: 'initializing': truncation from 'double' to 'float'
D:\GitHub\Magma-Engine\Magma Engine v7\Renderer\Helper\Meshes.h(32,30): warning C4305: 'initializing': truncation from 'double' to 'float'
D:\GitHub\Magma-Engine\Magma Engine v7\Renderer\Helper\Meshes.h(32,35): warning C4305: 'initializing': truncation from 'double' to 'float'
D:\GitHub\Magma-Engine\Magma Engine v7\Renderer\Helper\Meshes.h(33,25): warning C4305: 'initializing': truncation from 'double' to 'float'
D:\GitHub\Magma-Engine\Magma Engine v7\Renderer\Helper\Meshes.h(33,30): warning C4305: 'initializing': truncation from 'double' to 'float'
D:\GitHub\Magma-Engine\Magma Engine v7\Renderer\Helper\Meshes.h(33,35): warning C4305: 'initializing': truncation from 'double' to 'float'
D:\GitHub\Magma-Engine\Magma Engine v7\Renderer\Helper\Meshes.h(34,25): warning C4305: 'initializing': truncation from 'double' to 'float'
D:\GitHub\Magma-Engine\Magma Engine v7\Renderer\Helper\Meshes.h(34,30): warning C4305: 'initializing': truncation from 'double' to 'float'
D:\GitHub\Magma-Engine\Magma Engine v7\Renderer\Helper\Meshes.h(34,35): warning C4305: 'initializing': truncation from 'double' to 'float'
D:\GitHub\Magma-Engine\Magma Engine v7\Renderer\Helper\Meshes.h(35,25): warning C4305: 'initializing': truncation from 'double' to 'float'
D:\GitHub\Magma-Engine\Magma Engine v7\Renderer\Helper\Meshes.h(35,30): warning C4305: 'initializing': truncation from 'double' to 'float'
D:\GitHub\Magma-Engine\Magma Engine v7\Renderer\Helper\Meshes.h(35,35): warning C4305: 'initializing': truncation from 'double' to 'float'
D:\GitHub\Magma-Engine\Magma Engine v7\Renderer\Helper\Meshes.h(36,25): warning C4305: 'initializing': truncation from 'double' to 'float'
D:\GitHub\Magma-Engine\Magma Engine v7\Renderer\Helper\Meshes.h(36,30): warning C4305: 'initializing': truncation from 'double' to 'float'
D:\GitHub\Magma-Engine\Magma Engine v7\Renderer\Helper\Meshes.h(36,35): warning C4305: 'initializing': truncation from 'double' to 'float'
D:\GitHub\Magma-Engine\Magma Engine v7\Renderer\Helper\Meshes.h(37,25): warning C4305: 'initializing': truncation from 'double' to 'float'
D:\GitHub\Magma-Engine\Magma Engine v7\Renderer\Helper\Meshes.h(37,30): warning C4305: 'initializing': truncation from 'double' to 'float'
D:\GitHub\Magma-Engine\Magma Engine v7\Renderer\Helper\Meshes.h(37,35): warning C4305: 'initializing': truncation from 'double' to 'float'
D:\GitHub\Magma-Engine\Magma Engine v7\Renderer\Helper\Meshes.h(38,25): warning C4305: 'initializing': truncation from 'double' to 'float'
D:\GitHub\Magma-Engine\Magma Engine v7\Renderer\Helper\Meshes.h(38,30): warning C4305: 'initializing': truncation from 'double' to 'float'
D:\GitHub\Magma-Engine\Magma Engine v7\Renderer\Helper\Meshes.h(38,35): warning C4305: 'initializing': truncation from 'double' to 'float'
D:\GitHub\Magma-Engine\Magma Engine v7\Renderer\Helper\Meshes.h(39,25): warning C4305: 'initializing': truncation from 'double' to 'float'
D:\GitHub\Magma-Engine\Magma Engine v7\Renderer\Helper\Meshes.h(39,30): warning C4305: 'initializing': truncation from 'double' to 'float'
D:\GitHub\Magma-Engine\Magma Engine v7\Renderer\Helper\Meshes.h(39,35): warning C4305: 'initializing': truncation from 'double' to 'float'
D:\GitHub\Magma-Engine\Magma Engine v7\Renderer\Helper\Meshes.h(40,25): warning C4305: 'initializing': truncation from 'double' to 'float'
D:\GitHub\Magma-Engine\Magma Engine v7\Renderer\Helper\Meshes.h(40,30): warning C4305: 'initializing': truncation from 'double' to 'float'
D:\GitHub\Magma-Engine\Magma Engine v7\Renderer\Helper\Meshes.h(40,35): warning C4305: 'initializing': truncation from 'double' to 'float'
D:\GitHub\Magma-Engine\Magma Engine v7\Renderer\Helper\Meshes.h(41,25): warning C4305: 'initializing': truncation from 'double' to 'float'
D:\GitHub\Magma-Engine\Magma Engine v7\Renderer\Helper\Meshes.h(41,30): warning C4305: 'initializing': truncation from 'double' to 'float'
D:\GitHub\Magma-Engine\Magma Engine v7\Renderer\Helper\Meshes.h(41,35): warning C4305: 'initializing': truncation from 'double' to 'float'
D:\GitHub\Magma-Engine\Magma Engine v7\Renderer\Helper\Meshes.h(42,25): warning C4305: 'initializing': truncation from 'double' to 'float'
D:\GitHub\Magma-Engine\Magma Engine v7\Renderer\Helper\Meshes.h(42,30): warning C4305: 'initializing': truncation from 'double' to 'float'
D:\GitHub\Magma-Engine\Magma Engine v7\Renderer\Helper\Meshes.h(42,35): warning C4305: 'initializing': truncation from 'double' to 'float'
D:\GitHub\Magma-Engine\Magma Engine v7\Renderer\Helper\Meshes.h(43,25): warning C4305: 'initializing': truncation from 'double' to 'float'
D:\GitHub\Magma-Engine\Magma Engine v7\Renderer\Helper\Meshes.h(43,30): warning C4305: 'initializing': truncation from 'double' to 'float'
D:\GitHub\Magma-Engine\Magma Engine v7\Renderer\Helper\Meshes.h(43,35): warning C4305: 'initializing': truncation from 'double' to 'float'
D:\GitHub\Magma-Engine\Magma Engine v7\Renderer\Helper\Meshes.h(44,25): warning C4305: 'initializing': truncation from 'double' to 'float'
D:\GitHub\Magma-Engine\Magma Engine v7\Renderer\Helper\Meshes.h(44,30): warning C4305: 'initializing': truncation from 'double' to 'float'
D:\GitHub\Magma-Engine\Magma Engine v7\Renderer\Helper\Meshes.h(44,35): warning C4305: 'initializing': truncation from 'double' to 'float'
D:\GitHub\Magma-Engine\Magma Engine v7\Renderer\Helper\Meshes.h(46,25): warning C4305: 'initializing': truncation from 'double' to 'float'
D:\GitHub\Magma-Engine\Magma Engine v7\Renderer\Helper\Meshes.h(46,30): warning C4305: 'initializing': truncation from 'double' to 'float'
D:\GitHub\Magma-Engine\Magma Engine v7\Renderer\Helper\Meshes.h(46,35): warning C4305: 'initializing': truncation from 'double' to 'float'
D:\GitHub\Magma-Engine\Magma Engine v7\Renderer\Helper\Meshes.h(47,25): warning C4305: 'initializing': truncation from 'double' to 'float'
D:\GitHub\Magma-Engine\Magma Engine v7\Renderer\Helper\Meshes.h(47,30): warning C4305: 'initializing': truncation from 'double' to 'float'
D:\GitHub\Magma-Engine\Magma Engine v7\Renderer\Helper\Meshes.h(47,35): warning C4305: 'initializing': truncation from 'double' to 'float'
D:\GitHub\Magma-Engine\Magma Engine v7\Renderer\Helper\Meshes.h(48,25): warning C4305: 'initializing': truncation from 'double' to 'float'
D:\GitHub\Magma-Engine\Magma Engine v7\Renderer\Helper\Meshes.h(48,30): warning C4305: 'initializing': truncation from 'double' to 'float'
D:\GitHub\Magma-Engine\Magma Engine v7\Renderer\Helper\Meshes.h(48,35): warning C4305: 'initializing': truncation from 'double' to 'float'
D:\GitHub\Magma-Engine\Magma Engine v7\Renderer\Helper\Meshes.h(49,25): warning C4305: 'initializing': truncation from 'double' to 'float'
D:\GitHub\Magma-Engine\Magma Engine v7\Renderer\Helper\Meshes.h(49,30): warning C4305: 'initializing': truncation from 'double' to 'float'
D:\GitHub\Magma-Engine\Magma Engine v7\Renderer\Helper\Meshes.h(49,35): warning C4305: 'initializing': truncation from 'double' to 'float'
D:\GitHub\Magma-Engine\Magma Engine v7\Renderer\Helper\Meshes.h(50,25): warning C4305: 'initializing': truncation from 'double' to 'float'
D:\GitHub\Magma-Engine\Magma Engine v7\Renderer\Helper\Meshes.h(50,30): warning C4305: 'initializing': truncation from 'double' to 'float'
D:\GitHub\Magma-Engine\Magma Engine v7\Renderer\Helper\Meshes.h(50,35): warning C4305: 'initializing': truncation from 'double' to 'float'
D:\GitHub\Magma-Engine\Magma Engine v7\Renderer\Helper\Meshes.h(51,25): warning C4305: 'initializing': truncation from 'double' to 'float'
D:\GitHub\Magma-Engine\Magma Engine v7\Renderer\Helper\Meshes.h(51,30): warning C4305: 'initializing': truncation from 'double' to 'float'
D:\GitHub\Magma-Engine\Magma Engine v7\Renderer\Helper\Meshes.h(51,35): warning C4305: 'initializing': truncation from 'double' to 'float'
D:\GitHub\Magma-Engine\Magma Engine v7\Renderer\Helper\Meshes.h(52,25): warning C4305: 'initializing': truncation from 'double' to 'float'
D:\GitHub\Magma-Engine\Magma Engine v7\Renderer\Helper\Meshes.h(52,30): warning C4305: 'initializing': truncation from 'double' to 'float'
D:\GitHub\Magma-Engine\Magma Engine v7\Renderer\Helper\Meshes.h(52,35): warning C4305: 'initializing': truncation from 'double' to 'float'
D:\GitHub\Magma-Engine\Magma Engine v7\Renderer\Helper\Meshes.h(53,25): warning C4305: 'initializing': truncation from 'double' to 'float'
D:\GitHub\Magma-Engine\Magma Engine v7\Renderer\Helper\Meshes.h(53,30): warning C4305: 'initializing': truncation from 'double' to 'float'
D:\GitHub\Magma-Engine\Magma Engine v7\Renderer\Helper\Meshes.h(53,35): warning C4305: 'initializing': truncation from 'double' to 'float'
D:\GitHub\Magma-Engine\Magma Engine v7\Renderer\Helper\Meshes.h(54,25): warning C4305: 'initializing': truncation from 'double' to 'float'
D:\GitHub\Magma-Engine\Magma Engine v7\Renderer\Helper\Meshes.h(54,30): warning C4305: 'initializing': truncation from 'double' to 'float'
D:\GitHub\Magma-Engine\Magma Engine v7\Renderer\Helper\Meshes.h(54,35): warning C4305: 'initializing': truncation from 'double' to 'float'
D:\GitHub\Magma-Engine\Magma Engine v7\Renderer\Helper\Meshes.h(55,25): warning C4305: 'initializing': truncation from 'double' to 'float'
D:\GitHub\Magma-Engine\Magma Engine v7\Renderer\Helper\Meshes.h(55,30): warning C4305: 'initializing': truncation from 'double' to 'float'
D:\GitHub\Magma-Engine\Magma Engine v7\Renderer\Helper\Meshes.h(55,35): warning C4305: 'initializing': truncation from 'double' to 'float'
D:\GitHub\Magma-Engine\Magma Engine v7\Renderer\Helper\Meshes.h(56,25): warning C4305: 'initializing': truncation from 'double' to 'float'
D:\GitHub\Magma-Engine\Magma Engine v7\Renderer\Helper\Meshes.h(56,30): warning C4305: 'initializing': truncation from 'double' to 'float'
D:\GitHub\Magma-Engine\Magma Engine v7\Renderer\Helper\Meshes.h(56,35): warning C4305: 'initializing': truncation from 'double' to 'float'
D:\GitHub\Magma-Engine\Magma Engine v7\Renderer\Helper\Meshes.h(57,25): warning C4305: 'initializing': truncation from 'double' to 'float'
D:\GitHub\Magma-Engine\Magma Engine v7\Renderer\Helper\Meshes.h(57,30): warning C4305: 'initializing': truncation from 'double' to 'float'
D:\GitHub\Magma-Engine\Magma Engine v7\Renderer\Helper\Meshes.h(57,35): warning C4305: 'initializing': truncation from 'double' to 'float'
D:\GitHub\Magma-Engine\Magma Engine v7\Renderer\Helper\Meshes.h(58,25): warning C4305: 'initializing': truncation from 'double' to 'float'
D:\GitHub\Magma-Engine\Magma Engine v7\Renderer\Helper\Meshes.h(58,30): warning C4305: 'initializing': truncation from 'double' to 'float'
D:\GitHub\Magma-Engine\Magma Engine v7\Renderer\Helper\Meshes.h(58,35): warning C4305: 'initializing': truncation from 'double' to 'float'
D:\GitHub\Magma-Engine\Magma Engine v7\Renderer\Helper\Meshes.h(59,25): warning C4305: 'initializing': truncation from 'double' to 'float'
D:\GitHub\Magma-Engine\Magma Engine v7\Renderer\Helper\Meshes.h(59,30): warning C4305: 'initializing': truncation from 'double' to 'float'
D:\GitHub\Magma-Engine\Magma Engine v7\Renderer\Helper\Meshes.h(59,35): warning C4305: 'initializing': truncation from 'double' to 'float'
D:\GitHub\Magma-Engine\Magma Engine v7\Renderer\Helper\Meshes.h(60,25): warning C4305: 'initializing': truncation from 'double' to 'float'
D:\GitHub\Magma-Engine\Magma Engine v7\Renderer\Helper\Meshes.h(60,30): warning C4305: 'initializing': truncation from 'double' to 'float'
D:\GitHub\Magma-Engine\Magma Engine v7\Renderer\Helper\Meshes.h(60,35): warning C4305: 'initializing': truncation from 'double' to 'float'
D:\GitHub\Magma-Engine\Magma Engine v7\Renderer\Helper\Meshes.h(61,25): warning C4305: 'initializing': truncation from 'double' to 'float'
D:\GitHub\Magma-Engine\Magma Engine v7\Renderer\Helper\Meshes.h(61,30): warning C4305: 'initializing': truncation from 'double' to 'float'
D:\GitHub\Magma-Engine\Magma Engine v7\Renderer\Helper\Meshes.h(61,35): warning C4305: 'initializing': truncation from 'double' to 'float'
D:\GitHub\Magma-Engine\Magma Engine v7\Renderer\Helper\Meshes.h(62,25): warning C4305: 'initializing': truncation from 'double' to 'float'
D:\GitHub\Magma-Engine\Magma Engine v7\Renderer\Helper\Meshes.h(62,30): warning C4305: 'initializing': truncation from 'double' to 'float'
D:\GitHub\Magma-Engine\Magma Engine v7\Renderer\Helper\Meshes.h(62,35): warning C4305: 'initializing': truncation from 'double' to 'float'
D:\GitHub\Magma-Engine\Magma Engine v7\Renderer\Helper\Meshes.h(63,25): warning C4305: 'initializing': truncation from 'double' to 'float'
D:\GitHub\Magma-Engine\Magma Engine v7\Renderer\Helper\Meshes.h(63,30): warning C4305: 'initializing': truncation from 'double' to 'float'
D:\GitHub\Magma-Engine\Magma Engine v7\Renderer\Helper\Meshes.h(63,35): warning C4305: 'initializing': truncation from 'double' to 'float'
D:\GitHub\Magma-Engine\Magma Engine v7\Renderer\Helper\Meshes.h(64,25): warning C4305: 'initializing': truncation from 'double' to 'float'
D:\GitHub\Magma-Engine\Magma Engine v7\Renderer\Helper\Meshes.h(64,30): warning C4305: 'initializing': truncation from 'double' to 'float'
D:\GitHub\Magma-Engine\Magma Engine v7\Renderer\Helper\Meshes.h(64,35): warning C4305: 'initializing': truncation from 'double' to 'float'
D:\GitHub\Magma-Engine\Magma Engine v7\Renderer\Helper\Meshes.h(65,25): warning C4305: 'initializing': truncation from 'double' to 'float'
D:\GitHub\Magma-Engine\Magma Engine v7\Renderer\Helper\Meshes.h(65,30): warning C4305: 'initializing': truncation from 'double' to 'float'
D:\GitHub\Magma-Engine\Magma Engine v7\Renderer\Helper\Meshes.h(65,35): warning C4305: 'initializing': truncation from 'double' to 'float'
D:\GitHub\Magma-Engine\Magma Engine v7\Renderer\Helper\Meshes.h(67,25): warning C4305: 'initializing': truncation from 'double' to 'float'
D:\GitHub\Magma-Engine\Magma Engine v7\Renderer\Helper\Meshes.h(67,30): warning C4305: 'initializing': truncation from 'double' to 'float'
D:\GitHub\Magma-Engine\Magma Engine v7\Renderer\Helper\Meshes.h(67,35): warning C4305: 'initializing': truncation from 'double' to 'float'
D:\GitHub\Magma-Engine\Magma Engine v7\Renderer\Helper\Meshes.h(68,25): warning C4305: 'initializing': truncation from 'double' to 'float'
D:\GitHub\Magma-Engine\Magma Engine v7\Renderer\Helper\Meshes.h(68,30): warning C4305: 'initializing': truncation from 'double' to 'float'
D:\GitHub\Magma-Engine\Magma Engine v7\Renderer\Helper\Meshes.h(68,35): warning C4305: 'initializing': truncation from 'double' to 'float'
D:\GitHub\Magma-Engine\Magma Engine v7\Renderer\Helper\Meshes.h(69,25): warning C4305: 'initializing': truncation from 'double' to 'float'
D:\GitHub\Magma-Engine\Magma Engine v7\Renderer\Helper\Meshes.h(69,30): warning C4305: 'initializing': truncation from 'double' to 'float'
D:\GitHub\Magma-Engine\Magma Engine v7\Renderer\Helper\Meshes.h(69,35): warning C4305: 'initializing': truncation from 'double' to 'float'
D:\GitHub\Magma-Engine\Magma Engine v7\Renderer\Helper\Meshes.h(70,25): warning C4305: 'initializing': truncation from 'double' to 'float'
D:\GitHub\Magma-Engine\Magma Engine v7\Renderer\Helper\Meshes.h(70,30): warning C4305: 'initializing': truncation from 'double' to 'float'
D:\GitHub\Magma-Engine\Magma Engine v7\Renderer\Helper\Meshes.h(70,35): warning C4305: 'initializing': truncation from 'double' to 'float'
D:\GitHub\Magma-Engine\Magma Engine v7\Renderer\Helper\Meshes.h(71,25): warning C4305: 'initializing': truncation from 'double' to 'float'
D:\GitHub\Magma-Engine\Magma Engine v7\Renderer\Helper\Meshes.h(71,30): warning C4305: 'initializing': truncation from 'double' to 'float'
D:\GitHub\Magma-Engine\Magma Engine v7\Renderer\Helper\Meshes.h(71,35): warning C4305: 'initializing': truncation from 'double' to 'float'
D:\GitHub\Magma-Engine\Magma Engine v7\Renderer\Helper\Meshes.h(72,25): warning C4305: 'initializing': truncation from 'double' to 'float'
D:\GitHub\Magma-Engine\Magma Engine v7\Renderer\Helper\Meshes.h(72,30): warning C4305: 'initializing': truncation from 'double' to 'float'
D:\GitHub\Magma-Engine\Magma Engine v7\Renderer\Helper\Meshes.h(72,35): warning C4305: 'initializing': truncation from 'double' to 'float'
D:\GitHub\Magma-Engine\Magma Engine v7\Renderer\Helper\Meshes.h(73,25): warning C4305: 'initializing': truncation from 'double' to 'float'
D:\GitHub\Magma-Engine\Magma Engine v7\Renderer\Helper\Meshes.h(73,30): warning C4305: 'initializing': truncation from 'double' to 'float'
D:\GitHub\Magma-Engine\Magma Engine v7\Renderer\Helper\Meshes.h(73,35): warning C4305: 'initializing': truncation from 'double' to 'float'
D:\GitHub\Magma-Engine\Magma Engine v7\Renderer\Helper\Meshes.h(74,25): warning C4305: 'initializing': truncation from 'double' to 'float'
D:\GitHub\Magma-Engine\Magma Engine v7\Renderer\Helper\Meshes.h(74,30): warning C4305: 'initializing': truncation from 'double' to 'float'
D:\GitHub\Magma-Engine\Magma Engine v7\Renderer\Helper\Meshes.h(74,35): warning C4305: 'initializing': truncation from 'double' to 'float'
D:\GitHub\Magma-Engine\Magma Engine v7\Renderer\Helper\Meshes.h(75,25): warning C4305: 'initializing': truncation from 'double' to 'float'
D:\GitHub\Magma-Engine\Magma Engine v7\Renderer\Helper\Meshes.h(75,30): warning C4305: 'initializing': truncation from 'double' to 'float'
D:\GitHub\Magma-Engine\Magma Engine v7\Renderer\Helper\Meshes.h(75,35): warning C4305: 'initializing': truncation from 'double' to 'float'
D:\GitHub\Magma-Engine\Magma Engine v7\Renderer\Helper\Meshes.h(76,25): warning C4305: 'initializing': truncation from 'double' to 'float'
D:\GitHub\Magma-Engine\Magma Engine v7\Renderer\Helper\Meshes.h(76,30): warning C4305: 'initializing': truncation from 'double' to 'float'
D:\GitHub\Magma-Engine\Magma Engine v7\Renderer\Helper\Meshes.h(76,35): warning C4305: 'initializing': truncation from 'double' to 'float'
D:\GitHub\Magma-Engine\Magma Engine v7\Renderer\Helper\Meshes.h(77,25): warning C4305: 'initializing': truncation from 'double' to 'float'
D:\GitHub\Magma-Engine\Magma Engine v7\Renderer\Helper\Meshes.h(77,30): warning C4305: 'initializing': truncation from 'double' to 'float'
D:\GitHub\Magma-Engine\Magma Engine v7\Renderer\Helper\Meshes.h(77,35): warning C4305: 'initializing': truncation from 'double' to 'float'
D:\GitHub\Magma-Engine\Magma Engine v7\Renderer\Helper\Meshes.h(78,25): warning C4305: 'initializing': truncation from 'double' to 'float'
D:\GitHub\Magma-Engine\Magma Engine v7\Renderer\Helper\Meshes.h(78,30): warning C4305: 'initializing': truncation from 'double' to 'float'
D:\GitHub\Magma-Engine\Magma Engine v7\Renderer\Helper\Meshes.h(78,35): warning C4305: 'initializing': truncation from 'double' to 'float'
D:\GitHub\Magma-Engine\Magma Engine v7\Renderer\Helper\Meshes.h(79,25): warning C4305: 'initializing': truncation from 'double' to 'float'
D:\GitHub\Magma-Engine\Magma Engine v7\Renderer\Helper\Meshes.h(79,30): warning C4305: 'initializing': truncation from 'double' to 'float'
D:\GitHub\Magma-Engine\Magma Engine v7\Renderer\Helper\Meshes.h(79,35): warning C4305: 'initializing': truncation from 'double' to 'float'
D:\GitHub\Magma-Engine\Magma Engine v7\Renderer\Helper\Meshes.h(80,25): warning C4305: 'initializing': truncation from 'double' to 'float'
D:\GitHub\Magma-Engine\Magma Engine v7\Renderer\Helper\Meshes.h(80,30): warning C4305: 'initializing': truncation from 'double' to 'float'
D:\GitHub\Magma-Engine\Magma Engine v7\Renderer\Helper\Meshes.h(80,35): warning C4305: 'initializing': truncation from 'double' to 'float'
D:\GitHub\Magma-Engine\Magma Engine v7\Renderer\Helper\Meshes.h(81,25): warning C4305: 'initializing': truncation from 'double' to 'float'
D:\GitHub\Magma-Engine\Magma Engine v7\Renderer\Helper\Meshes.h(81,30): warning C4305: 'initializing': truncation from 'double' to 'float'
D:\GitHub\Magma-Engine\Magma Engine v7\Renderer\Helper\Meshes.h(81,35): warning C4305: 'initializing': truncation from 'double' to 'float'
D:\GitHub\Magma-Engine\Magma Engine v7\Renderer\Helper\Meshes.h(82,25): warning C4305: 'initializing': truncation from 'double' to 'float'
D:\GitHub\Magma-Engine\Magma Engine v7\Renderer\Helper\Meshes.h(82,30): warning C4305: 'initializing': truncation from 'double' to 'float'
D:\GitHub\Magma-Engine\Magma Engine v7\Renderer\Helper\Meshes.h(82,35): warning C4305: 'initializing': truncation from 'double' to 'float'
D:\GitHub\Magma-Engine\Magma Engine v7\Renderer\Helper\Meshes.h(83,25): warning C4305: 'initializing': truncation from 'double' to 'float'
D:\GitHub\Magma-Engine\Magma Engine v7\Renderer\Helper\Meshes.h(83,30): warning C4305: 'initializing': truncation from 'double' to 'float'
D:\GitHub\Magma-Engine\Magma Engine v7\Renderer\Helper\Meshes.h(83,35): warning C4305: 'initializing': truncation from 'double' to 'float'
D:\GitHub\Magma-Engine\Magma Engine v7\Renderer\Helper\Meshes.h(84,25): warning C4305: 'initializing': truncation from 'double' to 'float'
D:\GitHub\Magma-Engine\Magma Engine v7\Renderer\Helper\Meshes.h(84,30): warning C4305: 'initializing': truncation from 'double' to 'float'
D:\GitHub\Magma-Engine\Magma Engine v7\Renderer\Helper\Meshes.h(84,35): warning C4305: 'initializing': truncation from 'double' to 'float'
D:\GitHub\Magma-Engine\Magma Engine v7\Renderer\Helper\Meshes.h(85,25): warning C4305: 'initializing': truncation from 'double' to 'float'
D:\GitHub\Magma-Engine\Magma Engine v7\Renderer\Helper\Meshes.h(85,30): warning C4305: 'initializing': truncation from 'double' to 'float'
D:\GitHub\Magma-Engine\Magma Engine v7\Renderer\Helper\Meshes.h(85,35): warning C4305: 'initializing': truncation from 'double' to 'float'
D:\GitHub\Magma-Engine\Magma Engine v7\Renderer\Helper\Meshes.h(86,25): warning C4305: 'initializing': truncation from 'double' to 'float'
D:\GitHub\Magma-Engine\Magma Engine v7\Renderer\Helper\Meshes.h(86,30): warning C4305: 'initializing': truncation from 'double' to 'float'
D:\GitHub\Magma-Engine\Magma Engine v7\Renderer\Helper\Meshes.h(86,35): warning C4305: 'initializing': truncation from 'double' to 'float'
D:\GitHub\Magma-Engine\Magma Engine v7\Renderer\Helper\Meshes.h(87,25): warning C4305: 'initializing': truncation from 'double' to 'float'
D:\GitHub\Magma-Engine\Magma Engine v7\Renderer\Helper\Meshes.h(87,30): warning C4305: 'initializing': truncation from 'double' to 'float'
D:\GitHub\Magma-Engine\Magma Engine v7\Renderer\Helper\Meshes.h(87,35): warning C4305: 'initializing': truncation from 'double' to 'float'
D:\GitHub\Magma-Engine\Magma Engine v7\Renderer\Helper\Meshes.h(88,25): warning C4305: 'initializing': truncation from 'double' to 'float'
D:\GitHub\Magma-Engine\Magma Engine v7\Renderer\Helper\Meshes.h(88,30): warning C4305: 'initializing': truncation from 'double' to 'float'
D:\GitHub\Magma-Engine\Magma Engine v7\Renderer\Helper\Meshes.h(88,35): warning C4305: 'initializing': truncation from 'double' to 'float'
D:\GitHub\Magma-Engine\Magma Engine v7\Renderer\Helper\Meshes.h(90,25): warning C4305: 'initializing': truncation from 'double' to 'float'
D:\GitHub\Magma-Engine\Magma Engine v7\Renderer\Helper\Meshes.h(90,30): warning C4305: 'initializing': truncation from 'double' to 'float'
D:\GitHub\Magma-Engine\Magma Engine v7\Renderer\Helper\Meshes.h(90,35): warning C4305: 'initializing': truncation from 'double' to 'float'
D:\GitHub\Magma-Engine\Magma Engine v7\Renderer\Helper\Meshes.h(91,25): warning C4305: 'initializing': truncation from 'double' to 'float'
D:\GitHub\Magma-Engine\Magma Engine v7\Renderer\Helper\Meshes.h(91,30): warning C4305: 'initializing': truncation from 'double' to 'float'
D:\GitHub\Magma-Engine\Magma Engine v7\Renderer\Helper\Meshes.h(91,35): warning C4305: 'initializing': truncation from 'double' to 'float'
D:\GitHub\Magma-Engine\Magma Engine v7\Renderer\Helper\Meshes.h(92,25): warning C4305: 'initializing': truncation from 'double' to 'float'
D:\GitHub\Magma-Engine\Magma Engine v7\Renderer\Helper\Meshes.h(92,30): warning C4305: 'initializing': truncation from 'double' to 'float'
D:\GitHub\Magma-Engine\Magma Engine v7\Renderer\Helper\Meshes.h(92,35): warning C4305: 'initializing': truncation from 'double' to 'float'
D:\GitHub\Magma-Engine\Magma Engine v7\Renderer\Helper\Meshes.h(93,25): warning C4305: 'initializing': truncation from 'double' to 'float'
D:\GitHub\Magma-Engine\Magma Engine v7\Renderer\Helper\Meshes.h(93,30): warning C4305: 'initializing': truncation from 'double' to 'float'
D:\GitHub\Magma-Engine\Magma Engine v7\Renderer\Helper\Meshes.h(93,35): warning C4305: 'initializing': truncation from 'double' to 'float'
D:\GitHub\Magma-Engine\Magma Engine v7\Renderer\Helper\Meshes.h(94,25): warning C4305: 'initializing': truncation from 'double' to 'float'
D:\GitHub\Magma-Engine\Magma Engine v7\Renderer\Helper\Meshes.h(94,30): warning C4305: 'initializing': truncation from 'double' to 'float'
D:\GitHub\Magma-Engine\Magma Engine v7\Renderer\Helper\Meshes.h(94,35): warning C4305: 'initializing': truncation from 'double' to 'float'
D:\GitHub\Magma-Engine\Magma Engine v7\Renderer\Helper\Meshes.h(95,25): warning C4305: 'initializing': truncation from 'double' to 'float'
D:\GitHub\Magma-Engine\Magma Engine v7\Renderer\Helper\Meshes.h(95,30): warning C4305: 'initializing': truncation from 'double' to 'float'
D:\GitHub\Magma-Engine\Magma Engine v7\Renderer\Helper\Meshes.h(95,35): warning C4305: 'initializing': truncation from 'double' to 'float'
D:\GitHub\Magma-Engine\Magma Engine v7\Renderer\Helper\Meshes.h(96,25): warning C4305: 'initializing': truncation from 'double' to 'float'
D:\GitHub\Magma-Engine\Magma Engine v7\Renderer\Helper\Meshes.h(96,30): warning C4305: 'initializing': truncation from 'double' to 'float'
D:\GitHub\Magma-Engine\Magma Engine v7\Renderer\Helper\Meshes.h(96,35): warning C4305: 'initializing': truncation from 'double' to 'float'
D:\GitHub\Magma-Engine\Magma Engine v7\Renderer\Helper\Meshes.h(97,25): warning C4305: 'initializing': truncation from 'double' to 'float'
D:\GitHub\Magma-Engine\Magma Engine v7\Renderer\Helper\Meshes.h(97,30): warning C4305: 'initializing': truncation from 'double' to 'float'
D:\GitHub\Magma-Engine\Magma Engine v7\Renderer\Helper\Meshes.h(97,35): warning C4305: 'initializing': truncation from 'double' to 'float'
D:\GitHub\Magma-Engine\Magma Engine v7\Renderer\Helper\Meshes.h(98,25): warning C4305: 'initializing': truncation from 'double' to 'float'
D:\GitHub\Magma-Engine\Magma Engine v7\Renderer\Helper\Meshes.h(98,30): warning C4305: 'initializing': truncation from 'double' to 'float'
D:\GitHub\Magma-Engine\Magma Engine v7\Renderer\Helper\Meshes.h(98,35): warning C4305: 'initializing': truncation from 'double' to 'float'
D:\GitHub\Magma-Engine\Magma Engine v7\Renderer\Helper\Meshes.h(99,25): warning C4305: 'initializing': truncation from 'double' to 'float'
D:\GitHub\Magma-Engine\Magma Engine v7\Renderer\Helper\Meshes.h(99,30): warning C4305: 'initializing': truncation from 'double' to 'float'
D:\GitHub\Magma-Engine\Magma Engine v7\Renderer\Helper\Meshes.h(99,35): warning C4305: 'initializing': truncation from 'double' to 'float'
D:\GitHub\Magma-Engine\Magma Engine v7\Renderer\Helper\Meshes.h(100,25): warning C4305: 'initializing': truncation from 'double' to 'float'
D:\GitHub\Magma-Engine\Magma Engine v7\Renderer\Helper\Meshes.h(100,30): warning C4305: 'initializing': truncation from 'double' to 'float'
D:\GitHub\Magma-Engine\Magma Engine v7\Renderer\Helper\Meshes.h(100,35): warning C4305: 'initializing': truncation from 'double' to 'float'
D:\GitHub\Magma-Engine\Magma Engine v7\Renderer\Helper\Meshes.h(101,25): warning C4305: 'initializing': truncation from 'double' to 'float'
D:\GitHub\Magma-Engine\Magma Engine v7\Renderer\Helper\Meshes.h(101,30): warning C4305: 'initializing': truncation from 'double' to 'float'
D:\GitHub\Magma-Engine\Magma Engine v7\Renderer\Helper\Meshes.h(101,35): warning C4305: 'initializing': truncation from 'double' to 'float'
D:\GitHub\Magma-Engine\Magma Engine v7\Renderer\Helper\Meshes.h(102,25): warning C4305: 'initializing': truncation from 'double' to 'float'
D:\GitHub\Magma-Engine\Magma Engine v7\Renderer\Helper\Meshes.h(102,30): warning C4305: 'initializing': truncation from 'double' to 'float'
D:\GitHub\Magma-Engine\Magma Engine v7\Renderer\Helper\Meshes.h(102,35): warning C4305: 'initializing': truncation from 'double' to 'float'
D:\GitHub\Magma-Engine\Magma Engine v7\Renderer\Helper\Meshes.h(103,25): warning C4305: 'initializing': truncation from 'double' to 'float'
D:\GitHub\Magma-Engine\Magma Engine v7\Renderer\Helper\Meshes.h(103,30): warning C4305: 'initializing': truncation from 'double' to 'float'
D:\GitHub\Magma-Engine\Magma Engine v7\Renderer\Helper\Meshes.h(103,35): warning C4305: 'initializing': truncation from 'double' to 'float'
D:\GitHub\Magma-Engine\Magma Engine v7\Renderer\Helper\Meshes.h(104,25): warning C4305: 'initializing': truncation from 'double' to 'float'
D:\GitHub\Magma-Engine\Magma Engine v7\Renderer\Helper\Meshes.h(104,30): warning C4305: 'initializing': truncation from 'double' to 'float'
D:\GitHub\Magma-Engine\Magma Engine v7\Renderer\Helper\Meshes.h(104,35): warning C4305: 'initializing': truncation from 'double' to 'float'
D:\GitHub\Magma-Engine\Magma Engine v7\Renderer\Helper\Meshes.h(105,25): warning C4305: 'initializing': truncation from 'double' to 'float'
D:\GitHub\Magma-Engine\Magma Engine v7\Renderer\Helper\Meshes.h(105,30): warning C4305: 'initializing': truncation from 'double' to 'float'
D:\GitHub\Magma-Engine\Magma Engine v7\Renderer\Helper\Meshes.h(105,35): warning C4305: 'initializing': truncation from 'double' to 'float'
D:\GitHub\Magma-Engine\Magma Engine v7\Renderer\Helper\Meshes.h(106,25): warning C4305: 'initializing': truncation from 'double' to 'float'
D:\GitHub\Magma-Engine\Magma Engine v7\Renderer\Helper\Meshes.h(106,30): warning C4305: 'initializing': truncation from 'double' to 'float'
D:\GitHub\Magma-Engine\Magma Engine v7\Renderer\Helper\Meshes.h(106,35): warning C4305: 'initializing': truncation from 'double' to 'float'
D:\GitHub\Magma-Engine\Magma Engine v7\Renderer\Helper\Meshes.h(107,25): warning C4305: 'initializing': truncation from 'double' to 'float'
D:\GitHub\Magma-Engine\Magma Engine v7\Renderer\Helper\Meshes.h(107,30): warning C4305: 'initializing': truncation from 'double' to 'float'
D:\GitHub\Magma-Engine\Magma Engine v7\Renderer\Helper\Meshes.h(107,35): warning C4305: 'initializing': truncation from 'double' to 'float'
D:\GitHub\Magma-Engine\Magma Engine v7\Renderer\Helper\Meshes.h(108,25): warning C4305: 'initializing': truncation from 'double' to 'float'
D:\GitHub\Magma-Engine\Magma Engine v7\Renderer\Helper\Meshes.h(108,30): warning C4305: 'initializing': truncation from 'double' to 'float'
D:\GitHub\Magma-Engine\Magma Engine v7\Renderer\Helper\Meshes.h(108,35): warning C4305: 'initializing': truncation from 'double' to 'float'
D:\GitHub\Magma-Engine\Magma Engine v7\Renderer\Helper\Meshes.h(109,25): warning C4305: 'initializing': truncation from 'double' to 'float'
D:\GitHub\Magma-Engine\Magma Engine v7\Renderer\Helper\Meshes.h(109,30): warning C4305: 'initializing': truncation from 'double' to 'float'
D:\GitHub\Magma-Engine\Magma Engine v7\Renderer\Helper\Meshes.h(109,35): warning C4305: 'initializing': truncation from 'double' to 'float'
D:\GitHub\Magma-Engine\Magma Engine v7\Renderer\Helper\Meshes.h(234,31): warning C4244: 'argument': conversion from 'double' to 'float', possible loss of data
D:\GitHub\Magma-Engine\Magma Engine v7\Renderer\Helper\Meshes.h(236,31): warning C4244: 'argument': conversion from 'double' to 'float', possible loss of data
D:\GitHub\Magma-Engine\Magma Engine v7\Renderer\Helper\Meshes.h(238,82): warning C4244: 'argument': conversion from 'double' to 'float', possible loss of data
D:\GitHub\Magma-Engine\Magma Engine v7\Renderer\Helper\Meshes.h(238,70): warning C4244: 'argument': conversion from 'double' to 'float', possible loss of data
D:\GitHub\Magma-Engine\Magma Engine v7\Renderer\Helper\Meshes.h(238,58): warning C4244: 'argument': conversion from 'double' to 'float', possible loss of data
D:\GitHub\Magma-Engine\Magma Engine v7\Renderer\Helper\Meshes.h(271,24): warning C4244: 'initializing': conversion from 'double' to 'float', possible loss of data
D:\GitHub\Magma-Engine\Magma Engine v7\Renderer\Helper\Meshes.h(279,11): warning C4244: 'initializing': conversion from 'double' to 'float', possible loss of data
D:\GitHub\Magma-Engine\Magma Engine v7\Renderer\Helper\Meshes.h(282,64): warning C4244: 'argument': conversion from 'double' to 'float', possible loss of data
D:\GitHub\Magma-Engine\Magma Engine v7\Renderer\Helper\Meshes.h(318,21): warning C4244: 'initializing': conversion from 'double' to 'float', possible loss of data
D:\GitHub\Magma-Engine\Magma Engine v7\Renderer\Helper\Meshes.h(319,21): warning C4244: 'initializing': conversion from 'double' to 'float', possible loss of data
D:\GitHub\Magma-Engine\Magma Engine v7\Renderer\Helper\Meshes.h(321,64): warning C4244: 'argument': conversion from 'double' to 'float', possible loss of data
D:\GitHub\Magma-Engine\Magma Engine v7\Renderer\Helper\Meshes.h(324,54): warning C4244: 'argument': conversion from 'double' to 'float', possible loss of data
D:\GitHub\Magma-Engine\Magma Engine v7\Renderer\Helper\Meshes.h(327,64): warning C4244: 'argument': conversion from 'double' to 'float', possible loss of data
D:\GitHub\Magma-Engine\Magma Engine v7\Renderer\Helper\GUI.h(8,61): warning C4244: 'argument': conversion from 'double' to 'float', possible loss of data
D:\GitHub\Magma-Engine\Magma Engine v7\Renderer\Helper\GUI.h(8,43): warning C4244: 'argument': conversion from 'double' to 'float', possible loss of data
D:\GitHub\Magma-Engine\Magma Engine v7\Renderer\Helper\GUI.h(8,25): warning C4244: 'argument': conversion from 'double' to 'float', possible loss of data
D:\GitHub\Magma-Engine\Magma Engine v7\Renderer\Helper\GUI.h(17,15): warning C4457: declaration of 'Style' hides function parameter
D:\GitHub\Magma-Engine\Magma Engine v7\Renderer\Helper\GUI.h(13,29): message : see declaration of 'Style'
D:\GitHub\Magma-Engine\Magma Engine v7\Renderer\Helper\GUI.h(318,69): warning C4100: 'Format': unreferenced formal parameter
D:\GitHub\Magma-Engine\Magma Engine v7\Renderer\Helper\GUI.h(416,83): warning C4244: 'argument': conversion from 'double' to 'float', possible loss of data
D:\GitHub\Magma-Engine\Magma Engine v7\Renderer\Helper\GUI.h(417,82): warning C4244: 'argument': conversion from 'double' to 'float', possible loss of data
D:\GitHub\Magma-Engine\Magma Engine v7\Renderer\Helper\GUI.h(419,83): warning C4244: 'argument': conversion from 'double' to 'float', possible loss of data
D:\GitHub\Magma-Engine\Magma Engine v7\Renderer\Raytracing\Raytracing.h(220,23): warning C4245: '=': conversion from 'int' to 'uint64_t', signed/unsigned mismatch
D:\GitHub\Magma-Engine\Magma Engine v7\Renderer\Raytracing\Raytracing.h(223,27): warning C4245: '=': conversion from 'int' to 'uint64_t', signed/unsigned mismatch
D:\GitHub\Magma-Engine\Magma Engine v7\Renderer\Raytracing\Raytracing.h(363,12): warning C4456: declaration of 'DescriptorTypes' hides previous local declaration
D:\GitHub\Magma-Engine\Magma Engine v7\Renderer\Raytracing\Raytracing.h(351,11): message : see declaration of 'DescriptorTypes'
D:\GitHub\Magma-Engine\Magma Engine v7\Renderer\Raytracing\Raytracing.h(369,12): warning C4456: declaration of 'DescriptorCounts' hides previous local declaration
D:\GitHub\Magma-Engine\Magma Engine v7\Renderer\Raytracing\Raytracing.h(359,11): message : see declaration of 'DescriptorCounts'
D:\GitHub\Magma-Engine\Magma Engine v7\Renderer\Raytracing\Raytracing.h(410,56): warning C4838: conversion from 'size_t' to 'uint32_t' requires a narrowing conversion
D:\GitHub\Magma-Engine\Magma Engine v7\Renderer\Raytracing\Raytracing.h(410,56): warning C4267: 'initializing': conversion from 'size_t' to 'uint32_t', possible loss of data
D:\GitHub\Magma-Engine\Magma Engine v7\Renderer\Raytracing\Raytracing.h(464,33): warning C4267: '=': conversion from 'size_t' to 'uint32_t', possible loss of data
D:\GitHub\Magma-Engine\Magma Engine v7\Renderer\Raytracing\Raytracing.h(495,29): warning C4267: 'return': conversion from 'size_t' to 'uint32_t', possible loss of data
D:\GitHub\Magma-Engine\Magma Engine v7\Renderer\Raytracing\Raytracing.h(620,56): warning C4267: 'argument': conversion from 'size_t' to 'uint32_t', possible loss of data
D:\GitHub\Magma-Engine\Magma Engine v7\Renderer\Raytracing\Raytracing.h(625,107): warning C4267: 'argument': conversion from 'size_t' to 'uint32_t', possible loss of data
D:\GitHub\Magma-Engine\Magma Engine v7\Renderer\Raytracing\Raytracing.h(625,56): warning C4267: 'argument': conversion from 'size_t' to 'uint32_t', possible loss of data
D:\GitHub\Magma-Engine\Magma Engine v7\Renderer\Raytracing\Raytracing.h(640,9): warning C4189: 'BufferSizes': local variable is initialized but not referenced
D:\GitHub\Magma-Engine\Magma Engine v7\Renderer\Raytracing\Raytracing.h(717,38): warning C4267: 'argument': conversion from 'size_t' to 'uint32_t', possible loss of data
D:\GitHub\Magma-Engine\Magma Engine v7\Engine\Engine.h(67,24): warning C4267: '=': conversion from 'size_t' to 'uint32_t', possible loss of data
D:\GitHub\Magma-Engine\Magma Engine v7\Engine\Engine.h(75,12): warning C4459: declaration of 'Event' hides global declaration
D:\GitHub\Magma-Engine\Magma Engine v7\Helper.h(45,11): message : see declaration of 'Event'
D:\GitHub\Magma-Engine\Magma Engine v7\Engine\Engine.h(111,38): warning C4305: '=': truncation from 'double' to 'float'
D:\GitHub\Magma-Engine\Magma Engine v7\Engine\Engine.h(112,37): warning C4305: '=': truncation from 'double' to 'float'
D:\GitHub\Magma-Engine\Magma Engine v7\Engine\Engine.h(118,37): warning C4305: '=': truncation from 'double' to 'float'
D:\GitHub\Magma-Engine\Magma Engine v7\Engine\Engine.h(119,36): warning C4305: '=': truncation from 'double' to 'float'
D:\GitHub\Magma-Engine\Magma Engine v7\Engine\Engine.h(122,37): warning C4305: '=': truncation from 'double' to 'float'
D:\GitHub\Magma-Engine\Magma Engine v7\Engine\Engine.h(123,36): warning C4305: '=': truncation from 'double' to 'float'
D:\GitHub\Magma-Engine\Magma Engine v7\Engine\Engine.h(126,37): warning C4305: '=': truncation from 'double' to 'float'
D:\GitHub\Magma-Engine\Magma Engine v7\Engine\Engine.h(127,36): warning C4305: '=': truncation from 'double' to 'float'
D:\GitHub\Magma-Engine\Magma Engine v7\Engine\Engine.h(129,39): warning C4305: '=': truncation from 'double' to 'float'
D:\GitHub\Magma-Engine\Magma Engine v7\Engine\Engine.h(139,23): warning C4305: '=': truncation from 'double' to 'float'
D:\GitHub\Magma-Engine\Magma Engine v7\Engine\Engine.h(143,27): warning C4305: '=': truncation from 'double' to 'float'
D:\GitHub\Magma-Engine\Magma Engine v7\Engine\Engine.h(146,31): warning C4305: 'argument': truncation from 'double' to 'float'
D:\GitHub\Magma-Engine\Magma Engine v7\Engine\Engine.h(146,26): warning C4305: 'argument': truncation from 'double' to 'float'
D:\GitHub\Magma-Engine\Magma Engine v7\Engine\Engine.h(146,20): warning C4305: 'argument': truncation from 'double' to 'float'
D:\GitHub\Magma-Engine\Magma Engine v7\Engine\Engine.h(157,18): warning C4244: '=': conversion from 'time_t' to 'int32_t', possible loss of data
D:\GitHub\Magma-Engine\Magma Engine v7\Engine\Engine.h(160,15): warning C4244: '=': conversion from 'int32_t' to 'float', possible loss of data
D:\GitHub\Magma-Engine\Magma Engine v7\Engine\CameraPath.h(90,23): warning C4456: declaration of 'Frames' hides previous local declaration
D:\GitHub\Magma-Engine\Magma Engine v7\Engine\CameraPath.h(82,22): message : see declaration of 'Frames'
D:\GitHub\Magma-Engine\Magma Engine v7\Engine\CameraPath.h(110,36): warning C4305: 'argument': truncation from 'double' to 'float'
D:\GitHub\Magma-Engine\Magma Engine v7\Engine\CameraPath.h(111,33): warning C4305: 'argument': truncation from 'double' to 'float'
D:\GitHub\Magma-Engine\Magma Engine v7\Engine\ECS.h(256,29): warning C4305: '=': truncation from 'double' to 'float'
D:\GitHub\Magma-Engine\Magma Engine v7\Engine\ECS.h(413,25): warning C4267: '=': conversion from 'size_t' to 'uint32_t', possible loss of data
D:\GitHub\Magma-Engine\Magma Engine v7\Engine\ECS.h(437,29): warning C4267: '=': conversion from 'size_t' to 'uint32_t', possible loss of data
D:\GitHub\Magma-Engine\Magma Engine v7\Engine\ECS.h(561,39): warning C4244: 'argument': conversion from 'int32_t' to 'float', possible loss of data
D:\GitHub\Magma-Engine\Magma Engine v7\Engine\ECS.h(561,24): warning C4244: 'initializing': conversion from 'float' to 'uint32_t', possible loss of data
D:\GitHub\Magma-Engine\Magma Engine v7\Engine\ECS.h(748,28): warning C4267: '=': conversion from 'size_t' to 'uint32_t', possible loss of data
D:\GitHub\Magma-Engine\Magma Engine v7\Engine\ECS.h(816,30): warning C4267: '=': conversion from 'size_t' to 'uint32_t', possible loss of data
D:\GitHub\Magma-Engine\Magma Engine v7\Engine\ECS.h(953,22): warning C4244: '=': conversion from 'double' to 'float', possible loss of data
D:\GitHub\Magma-Engine\Magma Engine v7\Engine\ECS.h(976,46): warning C4244: '=': conversion from 'uint32_t' to 'float', possible loss of data
D:\GitHub\Magma-Engine\Magma Engine v7\Engine\ECS.h(1025,7): warning C4459: declaration of 'LastPath' hides global declaration
D:\GitHub\Magma-Engine\includes\Wave\WaveLayer.h(22,6): message : see declaration of 'LastPath'
D:\GitHub\Magma-Engine\Magma Engine v7\Engine\ECS.h(1028,18): warning C4267: 'initializing': conversion from 'size_t' to 'uint32_t', possible loss of data
D:\GitHub\Magma-Engine\Magma Engine v7\Engine\ECS.h(1025,7): warning C4101: 'LastPath': unreferenced local variable
D:\GitHub\Magma-Engine\Magma Engine v7\Engine\Scene.h(99,23): warning C4267: 'argument': conversion from 'size_t' to 'uint32_t', possible loss of data
D:\GitHub\Magma-Engine\Magma Engine v7\Engine\Scene.h(521,93): warning C4244: '=': conversion from 'int64_t' to 'uint32_t', possible loss of data
D:\GitHub\Magma-Engine\Magma Engine v7\Engine\Scene.h(522,93): warning C4244: '=': conversion from 'int64_t' to 'uint32_t', possible loss of data
D:\GitHub\Magma-Engine\Magma Engine v7\Engine\Scene.h(523,97): warning C4244: '=': conversion from 'int64_t' to 'uint32_t', possible loss of data
D:\GitHub\Magma-Engine\Magma Engine v7\Engine\Scene.h(524,99): warning C4244: '=': conversion from 'int64_t' to 'uint32_t', possible loss of data
D:\GitHub\Magma-Engine\Magma Engine v7\Engine\Scene.h(525,99): warning C4244: '=': conversion from 'int64_t' to 'uint32_t', possible loss of data
D:\GitHub\Magma-Engine\Magma Engine v7\Engine\Scene.h(537,87): warning C4244: '=': conversion from 'double' to 'float', possible loss of data
D:\GitHub\Magma-Engine\Magma Engine v7\Engine\Scene.h(538,89): warning C4244: '=': conversion from 'double' to 'float', possible loss of data
D:\GitHub\Magma-Engine\Magma Engine v7\Engine\Scene.h(539,89): warning C4244: '=': conversion from 'double' to 'float', possible loss of data
D:\GitHub\Magma-Engine\Magma Engine v7\Engine\Scene.h(554,106): warning C4244: '=': conversion from 'int64_t' to 'uint32_t', possible loss of data
D:\GitHub\Magma-Engine\Magma Engine v7\Engine\Scene.h(555,104): warning C4244: '=': conversion from 'int64_t' to 'uint32_t', possible loss of data
D:\GitHub\Magma-Engine\Magma Engine v7\Engine\Scene.h(556,102): warning C4244: '=': conversion from 'int64_t' to 'uint32_t', possible loss of data
D:\GitHub\Magma-Engine\Magma Engine v7\Engine\Scene.h(557,102): warning C4244: '=': conversion from 'int64_t' to 'uint32_t', possible loss of data
D:\GitHub\Magma-Engine\Magma Engine v7\Engine\Scene.h(558,101): warning C4244: '=': conversion from 'int64_t' to 'uint32_t', possible loss of data
D:\GitHub\Magma-Engine\Magma Engine v7\Engine\Scene.h(577,39): warning C4244: '=': conversion from 'int64_t' to 'uint32_t', possible loss of data
D:\GitHub\Magma-Engine\Magma Engine v7\Engine\Scene.h(589,103): warning C4244: '=': conversion from 'int64_t' to 'uint32_t', possible loss of data
D:\GitHub\Magma-Engine\Magma Engine v7\Engine\Scene.h(590,101): warning C4244: '=': conversion from 'int64_t' to 'uint32_t', possible loss of data
D:\GitHub\Magma-Engine\Magma Engine v7\Engine\FpsCamera.h(34,28): warning C4459: declaration of 'CameraPos' hides global declaration
D:\GitHub\Magma-Engine\Magma Engine v7\Renderer\Helper\RendererHelper.h(6,6): message : see declaration of 'CameraPos'
D:\GitHub\Magma-Engine\Magma Engine v7\Engine\FpsCamera.h(34,64): warning C4459: declaration of 'CameraUp' hides global declaration
D:\GitHub\Magma-Engine\Magma Engine v7\Renderer\Helper\RendererHelper.h(8,6): message : see declaration of 'CameraUp'
D:\GitHub\Magma-Engine\Magma Engine v7\Engine\FpsCamera.h(36,21): warning C4244: 'initializing': conversion from 'Uint32' to 'float', possible loss of data
D:\GitHub\Magma-Engine\Magma Engine v7\Engine\FpsCamera.h(83,28): warning C4244: '=': conversion from 'int32_t' to 'float', possible loss of data
D:\GitHub\Magma-Engine\Magma Engine v7\Engine\FpsCamera.h(84,28): warning C4244: '=': conversion from 'int32_t' to 'float', possible loss of data
D:\GitHub\Magma-Engine\Magma Engine v7\Engine\FpsCamera.h(86,21): warning C4305: 'initializing': truncation from 'double' to 'float'
D:\GitHub\Magma-Engine\Magma Engine v7\Engine\ScriptEngine.h(20,30): warning C4459: declaration of 'LuaState' hides global declaration
D:\GitHub\Magma-Engine\Magma Engine v7\Engine\ScriptEngine.h(12,12): message : see declaration of 'LuaState'
D:\GitHub\Magma-Engine\Magma Engine v7\Engine\ScriptEngine.h(61,30): warning C4459: declaration of 'LuaState' hides global declaration
D:\GitHub\Magma-Engine\Magma Engine v7\Engine\ScriptEngine.h(12,12): message : see declaration of 'LuaState'
D:\GitHub\Magma-Engine\Magma Engine v7\Engine\ScriptEngine.h(69,61): warning C4244: '=': conversion from 'lua_Number' to 'float', possible loss of data
D:\GitHub\Magma-Engine\Magma Engine v7\Engine\ScriptEngine.h(70,61): warning C4244: '=': conversion from 'lua_Number' to 'float', possible loss of data
D:\GitHub\Magma-Engine\Magma Engine v7\Engine\ScriptEngine.h(71,61): warning C4244: '=': conversion from 'lua_Number' to 'float', possible loss of data
D:\GitHub\Magma-Engine\Magma Engine v7\Engine\ScriptEngine.h(73,58): warning C4244: '=': conversion from 'lua_Number' to 'float', possible loss of data
D:\GitHub\Magma-Engine\Magma Engine v7\Engine\ScriptEngine.h(74,58): warning C4244: '=': conversion from 'lua_Number' to 'float', possible loss of data
D:\GitHub\Magma-Engine\Magma Engine v7\Engine\ScriptEngine.h(75,58): warning C4244: '=': conversion from 'lua_Number' to 'float', possible loss of data
D:\GitHub\Magma-Engine\Magma Engine v7\Engine\ScriptEngine.h(77,57): warning C4244: '=': conversion from 'lua_Number' to 'float', possible loss of data
D:\GitHub\Magma-Engine\Magma Engine v7\Engine\ScriptEngine.h(78,57): warning C4244: '=': conversion from 'lua_Number' to 'float', possible loss of data
D:\GitHub\Magma-Engine\Magma Engine v7\Engine\ScriptEngine.h(79,58): warning C4244: '=': conversion from 'lua_Number' to 'float', possible loss of data
D:\GitHub\Magma-Engine\Magma Engine v7\Engine\ScriptEngine.h(87,31): warning C4459: declaration of 'LuaState' hides global declaration
D:\GitHub\Magma-Engine\Magma Engine v7\Engine\ScriptEngine.h(12,12): message : see declaration of 'LuaState'
D:\GitHub\Magma-Engine\Magma Engine v7\Engine\ScriptEngine.h(112,10): warning C4244: '=': conversion from 'lua_Number' to 'int32_t', possible loss of data
D:\GitHub\Magma-Engine\Magma Engine v7\Engine\ScriptEngine.h(122,37): warning C4459: declaration of 'LuaState' hides global declaration
D:\GitHub\Magma-Engine\Magma Engine v7\Engine\ScriptEngine.h(12,12): message : see declaration of 'LuaState'
D:\GitHub\Magma-Engine\Magma Engine v7\Engine\ScriptEngine.h(127,11): warning C4189: 'MouseState': local variable is initialized but not referenced
D:\GitHub\Magma-Engine\Magma Engine v7\Engine\ScriptEngine.h(134,34): warning C4459: declaration of 'LuaState' hides global declaration
D:\GitHub\Magma-Engine\Magma Engine v7\Engine\ScriptEngine.h(12,12): message : see declaration of 'LuaState'
D:\GitHub\Magma-Engine\Magma Engine v7\Engine\FileDialog.h(24,109): warning C4100: 'MultiSelect': unreferenced formal parameter
D:\GitHub\Magma-Engine\Magma Engine v7\Engine\FileDialog.h(24,97): warning C4100: 'Files': unreferenced formal parameter
D:\GitHub\Magma-Engine\Magma Engine v7\Engine\FileDialog.h(24,77): warning C4100: 'FileNames': unreferenced formal parameter
D:\GitHub\Magma-Engine\Magma Engine v7\Engine\FileDialog.h(29,7): warning C4101: 'Filter': unreferenced local variable
D:\GitHub\Magma-Engine\Magma Engine v7\Engine\FileDialog.h(28,11): warning C4189: 'Index': local variable is initialized but not referenced
D:\GitHub\Magma-Engine\Magma Engine v7\Editor\Editor.h(8,31): warning C4305: 'initializing': truncation from 'double' to 'float'
D:\GitHub\Magma-Engine\Magma Engine v7\Editor\Editor.h(8,36): warning C4305: 'initializing': truncation from 'double' to 'float'
D:\GitHub\Magma-Engine\Magma Engine v7\Editor\Editor.h(8,41): warning C4305: 'initializing': truncation from 'double' to 'float'
D:\GitHub\Magma-Engine\Magma Engine v7\Editor\SceneManager.h(69,42): warning C4244: '=': conversion from 'float' to 'uint32_t', possible loss of data
D:\GitHub\Magma-Engine\Magma Engine v7\Editor\SceneManager.h(70,42): warning C4244: '=': conversion from 'float' to 'uint32_t', possible loss of data
D:\GitHub\Magma-Engine\Magma Engine v7\Editor\SceneManager.h(72,32): warning C4244: '=': conversion from 'float' to 'uint32_t', possible loss of data
D:\GitHub\Magma-Engine\Magma Engine v7\Editor\SceneManager.h(73,33): warning C4244: '=': conversion from 'float' to 'uint32_t', possible loss of data
D:\GitHub\Magma-Engine\Magma Engine v7\Editor\AssetBrowser.h(22,144): warning C4244: 'argument': conversion from 'int32_t' to 'float', possible loss of data
D:\GitHub\Magma-Engine\Magma Engine v7\Editor\AssetBrowser.h(22,130): warning C4244: 'argument': conversion from 'int32_t' to 'float', possible loss of data
D:\GitHub\Magma-Engine\Magma Engine v7\Editor\Inspector.h(111,83): warning C4305: 'argument': truncation from 'double' to 'float'
D:\GitHub\Magma-Engine\Magma Engine v7\Editor\Inspector.h(111,78): warning C4305: 'argument': truncation from 'double' to 'float'
D:\GitHub\Magma-Engine\Magma Engine v7\Editor\Inspector.h(112,86): warning C4305: 'argument': truncation from 'double' to 'float'
D:\GitHub\Magma-Engine\Magma Engine v7\Editor\Inspector.h(112,81): warning C4305: 'argument': truncation from 'double' to 'float'
D:\GitHub\Magma-Engine\Magma Engine v7\Editor\Inspector.h(113,84): warning C4305: 'argument': truncation from 'double' to 'float'
D:\GitHub\Magma-Engine\Magma Engine v7\Editor\Inspector.h(113,79): warning C4305: 'argument': truncation from 'double' to 'float'
D:\GitHub\Magma-Engine\Magma Engine v7\Editor\Inspector.h(151,57): warning C4305: 'argument': truncation from 'double' to 'float'
D:\GitHub\Magma-Engine\Magma Engine v7\Editor\Inspector.h(151,52): warning C4305: 'argument': truncation from 'double' to 'float'
D:\GitHub\Magma-Engine\Magma Engine v7\Editor\Inspector.h(168,82): warning C4305: 'argument': truncation from 'double' to 'float'
D:\GitHub\Magma-Engine\Magma Engine v7\Editor\Inspector.h(168,77): warning C4305: 'argument': truncation from 'double' to 'float'
D:\GitHub\Magma-Engine\Magma Engine v7\Editor\Inspector.h(197,80): warning C4305: 'argument': truncation from 'double' to 'float'
D:\GitHub\Magma-Engine\Magma Engine v7\Editor\Inspector.h(198,84): warning C4305: 'argument': truncation from 'double' to 'float'
D:\GitHub\Magma-Engine\Magma Engine v7\Editor\Inspector.h(499,25): warning C4100: 'Length': unreferenced formal parameter
D:\GitHub\Magma-Engine\Magma Engine v7\Editor\EditorUI.h(57,11): warning C4189: 'MouseState': local variable is initialized but not referenced
D:\GitHub\Magma-Engine\Magma Engine v7\Editor\EditorUI.h(365,63): warning C4305: 'argument': truncation from 'double' to 'float'
D:\GitHub\Magma-Engine\Magma Engine v7\Editor\EditorUI.h(365,57): warning C4305: 'argument': truncation from 'double' to 'float'
D:\GitHub\Magma-Engine\Magma Engine v7\Editor\EditorUI.h(366,54): warning C4305: 'argument': truncation from 'double' to 'float'
D:\GitHub\Magma-Engine\Magma Engine v7\Editor\EditorUI.h(367,57): warning C4305: 'argument': truncation from 'double' to 'float'
D:\GitHub\Magma-Engine\Magma Engine v7\Editor\EditorUI.h(373,71): warning C4305: 'argument': truncation from 'double' to 'float'
D:\GitHub\Magma-Engine\Magma Engine v7\Editor\EditorUI.h(373,64): warning C4305: 'argument': truncation from 'double' to 'float'
D:\GitHub\Magma-Engine\Magma Engine v7\Editor\EditorUI.h(463,37): warning C4244: 'argument': conversion from 'double' to 'float', possible loss of data
D:\GitHub\Magma-Engine\Magma Engine v7\Editor\EditorUI.h(517,57): warning C4305: 'argument': truncation from 'double' to 'float'
D:\GitHub\Magma-Engine\Magma Engine v7\Editor\EditorUI.h(427,11): warning C4189: 'IO': local variable is initialized but not referenced
D:\GitHub\Magma-Engine\Magma Engine v7\Editor\EditorUI.h(782,81): warning C4305: 'argument': truncation from 'double' to 'float'
D:\GitHub\Magma-Engine\Magma Engine v7\Editor\EditorUI.h(783,62): warning C4305: 'argument': truncation from 'double' to 'float'
D:\GitHub\Magma-Engine\Magma Engine v7\Editor\EditorUI.h(784,56): warning C4305: 'argument': truncation from 'double' to 'float'
D:\GitHub\Magma-Engine\Magma Engine v7\Editor\EditorUI.h(879,85): warning C4305: 'argument': truncation from 'double' to 'float'
D:\GitHub\Magma-Engine\Magma Engine v7\Editor\EditorUI.h(880,79): warning C4305: 'argument': truncation from 'double' to 'float'
D:\GitHub\Magma-Engine\Magma Engine v7\Editor\EditorUI.h(907,20): warning C4244: 'initializing': conversion from 'float' to 'int32_t', possible loss of data
D:\GitHub\Magma-Engine\Magma Engine v7\Editor\EditorUI.h(908,70): warning C4244: 'argument': conversion from 'double' to 'int', possible loss of data
D:\GitHub\Magma-Engine\Magma Engine v7\Editor\EditorUI.h(908,65): warning C4244: 'argument': conversion from 'double' to 'int', possible loss of data
D:\GitHub\Magma-Engine\Magma Engine v7\Editor\EditorUI.h(909,94): warning C4305: 'argument': truncation from 'double' to 'float'
D:\GitHub\Magma-Engine\Magma Engine v7\Editor\EditorUI.h(910,110): warning C4305: 'argument': truncation from 'double' to 'float'
D:\GitHub\Magma-Engine\Magma Engine v7\Editor\EditorUI.h(910,100): warning C4305: 'argument': truncation from 'double' to 'float'
D:\GitHub\Magma-Engine\Magma Engine v7\Editor\EditorUI.h(910,90): warning C4305: 'argument': truncation from 'double' to 'float'
D:\GitHub\Magma-Engine\Magma Engine v7\Editor\EditorUI.h(911,88): warning C4305: 'argument': truncation from 'double' to 'float'
D:\GitHub\Magma-Engine\Magma Engine v7\Editor\EditorUI.h(912,41): warning C4244: '=': conversion from 'int32_t' to 'float', possible loss of data
D:\GitHub\Magma-Engine\Magma Engine v7\Editor\EditorUI.h(543,11): warning C4189: 'IO': local variable is initialized but not referenced
D:\GitHub\Magma-Engine\Magma Engine v7\Renderer\Pipelines\BlurPipeline.h(9,11): warning C4459: declaration of 'MsaaSamples' hides global declaration
D:\GitHub\Magma-Engine\Magma Engine v7\Renderer\Helper\RendererHelper.h(17,10): message : see declaration of 'MsaaSamples'
D:\GitHub\Magma-Engine\Magma Engine v7\Renderer\Pipelines\BlurPipeline.h(41,37): warning C4244: '=': conversion from 'uint32_t' to 'float', possible loss of data
D:\GitHub\Magma-Engine\Magma Engine v7\Renderer\Pipelines\BlurPipeline.h(42,38): warning C4244: '=': conversion from 'uint32_t' to 'float', possible loss of data
D:\GitHub\Magma-Engine\Magma Engine v7\Renderer\Pipelines\BlurPipeline.h(105,38): warning C4244: 'argument': conversion from 'uint32_t' to 'float', possible loss of data
D:\GitHub\Magma-Engine\Magma Engine v7\Renderer\Pipelines\BlurPipeline.h(105,26): warning C4244: 'argument': conversion from 'uint32_t' to 'float', possible loss of data
D:\GitHub\Magma-Engine\Magma Engine v7\Renderer\Pipelines\DebugPipeline.h(37,37): warning C4244: '=': conversion from 'uint32_t' to 'float', possible loss of data
D:\GitHub\Magma-Engine\Magma Engine v7\Renderer\Pipelines\DebugPipeline.h(38,38): warning C4244: '=': conversion from 'uint32_t' to 'float', possible loss of data
D:\GitHub\Magma-Engine\Magma Engine v7\Renderer\Pipelines\DebugPipeline.h(85,32): warning C4838: conversion from 'OpenVkImageLayouts' to 'uint32_t' requires a narrowing conversion
D:\GitHub\Magma-Engine\Magma Engine v7\Renderer\Pipelines\DebugPipeline.h(132,44): warning C4305: 'argument': truncation from 'double' to 'float'
D:\GitHub\Magma-Engine\Magma Engine v7\Renderer\Pipelines\DebugPipeline.h(132,39): warning C4305: 'argument': truncation from 'double' to 'float'
D:\GitHub\Magma-Engine\Magma Engine v7\Renderer\Pipelines\DebugPipeline.h(132,34): warning C4305: 'argument': truncation from 'double' to 'float'
D:\GitHub\Magma-Engine\Magma Engine v7\Renderer\Pipelines\DebugPipeline.h(133,64): warning C4244: 'argument': conversion from 'double' to 'float', possible loss of data
D:\GitHub\Magma-Engine\Magma Engine v7\Renderer\Pipelines\ShadowPipeline.h(7,11): warning C4459: declaration of 'MsaaSamples' hides global declaration
D:\GitHub\Magma-Engine\Magma Engine v7\Renderer\Helper\RendererHelper.h(17,10): message : see declaration of 'MsaaSamples'
D:\GitHub\Magma-Engine\Magma Engine v7\Renderer\Pipelines\ShadowPipeline.h(48,37): warning C4244: '=': conversion from 'uint32_t' to 'float', possible loss of data
D:\GitHub\Magma-Engine\Magma Engine v7\Renderer\Pipelines\ShadowPipeline.h(49,38): warning C4244: '=': conversion from 'uint32_t' to 'float', possible loss of data
D:\GitHub\Magma-Engine\Magma Engine v7\Renderer\Pipelines\ShadowPipeline.h(225,25): warning C4244: 'argument': conversion from 'double' to 'float', possible loss of data
D:\GitHub\Magma-Engine\Magma Engine v7\Renderer\Pipelines\ShadowPipeline.h(225,33): warning C4244: '=': conversion from 'double' to 'float', possible loss of data
D:\GitHub\Magma-Engine\Magma Engine v7\Renderer\Pipelines\ShadowPipeline.h(240,70): warning C4244: '=': conversion from 'double' to 'float', possible loss of data
D:\GitHub\Magma-Engine\Magma Engine v7\Renderer\Pipelines\ShadowPipeline.h(315,28): warning C4305: '=': truncation from 'double' to 'float'
D:\GitHub\Magma-Engine\Magma Engine v7\Renderer\Pipelines\ShadowPipeline.h(316,28): warning C4305: '=': truncation from 'double' to 'float'
D:\GitHub\Magma-Engine\Magma Engine v7\Renderer\Pipelines\ShadowPipeline.h(317,28): warning C4305: '=': truncation from 'double' to 'float'
D:\GitHub\Magma-Engine\Magma Engine v7\Renderer\Pipelines\ShadowPipeline.h(334,50): warning C4244: 'argument': conversion from 'uint32_t' to 'float', possible loss of data
D:\GitHub\Magma-Engine\Magma Engine v7\Renderer\Pipelines\ShadowPipeline.h(334,33): warning C4244: 'argument': conversion from 'uint32_t' to 'float', possible loss of data
D:\GitHub\Magma-Engine\Magma Engine v7\Renderer\Pipelines\ShadowPipeline.h(334,22): warning C4244: 'argument': conversion from 'uint32_t' to 'float', possible loss of data
D:\GitHub\Magma-Engine\Magma Engine v7\Renderer\Pipelines\ShadowPipeline.h(403,30): warning C4456: declaration of 'Image' hides previous local declaration
D:\GitHub\Magma-Engine\Magma Engine v7\Renderer\Pipelines\ShadowPipeline.h(373,24): message : see declaration of 'Image'
D:\GitHub\Magma-Engine\Magma Engine v7\Renderer\Pipelines\GBufferPipeline.h(15,11): warning C4459: declaration of 'MsaaSamples' hides global declaration
D:\GitHub\Magma-Engine\Magma Engine v7\Renderer\Helper\RendererHelper.h(17,10): message : see declaration of 'MsaaSamples'
D:\GitHub\Magma-Engine\Magma Engine v7\Renderer\Pipelines\GBufferPipeline.h(66,37): warning C4244: '=': conversion from 'uint32_t' to 'float', possible loss of data
D:\GitHub\Magma-Engine\Magma Engine v7\Renderer\Pipelines\GBufferPipeline.h(67,38): warning C4244: '=': conversion from 'uint32_t' to 'float', possible loss of data
D:\GitHub\Magma-Engine\Magma Engine v7\Renderer\Pipelines\GBufferPipeline.h(228,39): warning C4244: 'argument': conversion from 'uint32_t' to 'float', possible loss of data
D:\GitHub\Magma-Engine\Magma Engine v7\Renderer\Pipelines\GBufferPipeline.h(228,27): warning C4244: 'argument': conversion from 'uint32_t' to 'float', possible loss of data
D:\GitHub\Magma-Engine\Magma Engine v7\Renderer\Pipelines\SSAOPipeline.h(8,11): warning C4459: declaration of 'MsaaSamples' hides global declaration
D:\GitHub\Magma-Engine\Magma Engine v7\Renderer\Helper\RendererHelper.h(17,10): message : see declaration of 'MsaaSamples'
D:\GitHub\Magma-Engine\Magma Engine v7\Renderer\Pipelines\SSAOPipeline.h(36,37): warning C4244: '=': conversion from 'uint32_t' to 'float', possible loss of data
D:\GitHub\Magma-Engine\Magma Engine v7\Renderer\Pipelines\SSAOPipeline.h(37,38): warning C4244: '=': conversion from 'uint32_t' to 'float', possible loss of data
D:\GitHub\Magma-Engine\Magma Engine v7\Renderer\Pipelines\SSAOPipeline.h(72,12): warning C4244: 'argument': conversion from 'time_t' to 'unsigned int', possible loss of data
D:\GitHub\Magma-Engine\Magma Engine v7\Renderer\Pipelines\SSAOPipeline.h(100,12): warning C4244: 'argument': conversion from 'time_t' to 'unsigned int', possible loss of data
D:\GitHub\Magma-Engine\Magma Engine v7\Renderer\Pipelines\SSAOPipeline.h(189,38): warning C4244: 'argument': conversion from 'uint32_t' to 'float', possible loss of data
D:\GitHub\Magma-Engine\Magma Engine v7\Renderer\Pipelines\SSAOPipeline.h(189,26): warning C4244: 'argument': conversion from 'uint32_t' to 'float', possible loss of data
D:\GitHub\Magma-Engine\Magma Engine v7\Renderer\Pipelines\SSAOBlurPipeline.h(8,11): warning C4459: declaration of 'MsaaSamples' hides global declaration
D:\GitHub\Magma-Engine\Magma Engine v7\Renderer\Helper\RendererHelper.h(17,10): message : see declaration of 'MsaaSamples'
D:\GitHub\Magma-Engine\Magma Engine v7\Renderer\Pipelines\SSAOBlurPipeline.h(36,37): warning C4244: '=': conversion from 'uint32_t' to 'float', possible loss of data
D:\GitHub\Magma-Engine\Magma Engine v7\Renderer\Pipelines\SSAOBlurPipeline.h(37,38): warning C4244: '=': conversion from 'uint32_t' to 'float', possible loss of data
D:\GitHub\Magma-Engine\Magma Engine v7\Renderer\Pipelines\SSAOBlurPipeline.h(92,38): warning C4244: 'argument': conversion from 'uint32_t' to 'float', possible loss of data
D:\GitHub\Magma-Engine\Magma Engine v7\Renderer\Pipelines\SSAOBlurPipeline.h(92,26): warning C4244: 'argument': conversion from 'uint32_t' to 'float', possible loss of data
D:\GitHub\Magma-Engine\Magma Engine v7\Renderer\Pipelines\ScenePipeline.h(8,11): warning C4459: declaration of 'MsaaSamples' hides global declaration
D:\GitHub\Magma-Engine\Magma Engine v7\Renderer\Helper\RendererHelper.h(17,10): message : see declaration of 'MsaaSamples'
D:\GitHub\Magma-Engine\Magma Engine v7\Renderer\Pipelines\ScenePipeline.h(36,37): warning C4244: '=': conversion from 'uint32_t' to 'float', possible loss of data
D:\GitHub\Magma-Engine\Magma Engine v7\Renderer\Pipelines\ScenePipeline.h(37,38): warning C4244: '=': conversion from 'uint32_t' to 'float', possible loss of data
D:\GitHub\Magma-Engine\Magma Engine v7\Renderer\Pipelines\ScenePipeline.h(304,39): warning C4244: 'argument': conversion from 'uint32_t' to 'float', possible loss of data
D:\GitHub\Magma-Engine\Magma Engine v7\Renderer\Pipelines\ScenePipeline.h(304,27): warning C4244: 'argument': conversion from 'uint32_t' to 'float', possible loss of data
D:\GitHub\Magma-Engine\Magma Engine v7\Renderer\Pipelines\SSRPipeline.h(8,11): warning C4459: declaration of 'MsaaSamples' hides global declaration
D:\GitHub\Magma-Engine\Magma Engine v7\Renderer\Helper\RendererHelper.h(17,10): message : see declaration of 'MsaaSamples'
D:\GitHub\Magma-Engine\Magma Engine v7\Renderer\Pipelines\SSRPipeline.h(36,37): warning C4244: '=': conversion from 'uint32_t' to 'float', possible loss of data
D:\GitHub\Magma-Engine\Magma Engine v7\Renderer\Pipelines\SSRPipeline.h(37,38): warning C4244: '=': conversion from 'uint32_t' to 'float', possible loss of data
D:\GitHub\Magma-Engine\Magma Engine v7\Renderer\Pipelines\SSRPipeline.h(146,38): warning C4244: 'argument': conversion from 'uint32_t' to 'float', possible loss of data
D:\GitHub\Magma-Engine\Magma Engine v7\Renderer\Pipelines\SSRPipeline.h(146,26): warning C4244: 'argument': conversion from 'uint32_t' to 'float', possible loss of data
D:\GitHub\Magma-Engine\Magma Engine v7\Renderer\Pipelines\FXAAPipeline.h(8,11): warning C4459: declaration of 'MsaaSamples' hides global declaration
D:\GitHub\Magma-Engine\Magma Engine v7\Renderer\Helper\RendererHelper.h(17,10): message : see declaration of 'MsaaSamples'
D:\GitHub\Magma-Engine\Magma Engine v7\Renderer\Pipelines\FXAAPipeline.h(36,37): warning C4244: '=': conversion from 'uint32_t' to 'float', possible loss of data
D:\GitHub\Magma-Engine\Magma Engine v7\Renderer\Pipelines\FXAAPipeline.h(37,38): warning C4244: '=': conversion from 'uint32_t' to 'float', possible loss of data
D:\GitHub\Magma-Engine\Magma Engine v7\Renderer\Pipelines\FXAAPipeline.h(93,38): warning C4244: 'argument': conversion from 'uint32_t' to 'float', possible loss of data
D:\GitHub\Magma-Engine\Magma Engine v7\Renderer\Pipelines\FXAAPipeline.h(93,26): warning C4244: 'argument': conversion from 'uint32_t' to 'float', possible loss of data
D:\GitHub\Magma-Engine\Magma Engine v7\Renderer\Pipelines\SwapChainPipeline.h(6,11): warning C4459: declaration of 'MsaaSamples' hides global declaration
D:\GitHub\Magma-Engine\Magma Engine v7\Renderer\Helper\RendererHelper.h(17,10): message : see declaration of 'MsaaSamples'
D:\GitHub\Magma-Engine\Magma Engine v7\Renderer\Pipelines\SwapChainPipeline.h(34,37): warning C4244: '=': conversion from 'uint32_t' to 'float', possible loss of data
D:\GitHub\Magma-Engine\Magma Engine v7\Renderer\Pipelines\SwapChainPipeline.h(35,38): warning C4244: '=': conversion from 'uint32_t' to 'float', possible loss of data
D:\GitHub\Magma-Engine\Magma Engine v7\Renderer\Pipelines\SwapChainPipeline.h(67,28): warning C4305: '=': truncation from 'double' to 'float'
D:\GitHub\Magma-Engine\Magma Engine v7\Renderer\Pipelines\SwapChainPipeline.h(68,28): warning C4305: '=': truncation from 'double' to 'float'
D:\GitHub\Magma-Engine\Magma Engine v7\Renderer\Pipelines\SwapChainPipeline.h(69,28): warning C4305: '=': truncation from 'double' to 'float'
D:\GitHub\Magma-Engine\Magma Engine v7\Renderer\Pipelines\SwapChainPipeline.h(89,41): warning C4244: 'argument': conversion from 'uint32_t' to 'float', possible loss of data
D:\GitHub\Magma-Engine\Magma Engine v7\Renderer\Pipelines\SwapChainPipeline.h(89,28): warning C4244: 'argument': conversion from 'uint32_t' to 'float', possible loss of data
D:\GitHub\Magma-Engine\Magma Engine v7\Renderer\Pipelines\SwapChainPipeline.h(179,5): warning C4477: '_snprintf' : format string '%d' requires an argument of type 'int', but variadic argument 1 has type 'uint64_t'
D:\GitHub\Magma-Engine\Magma Engine v7\Renderer\Pipelines\SwapChainPipeline.h(179,5): message : consider using '%lld' in the format string
D:\GitHub\Magma-Engine\Magma Engine v7\Renderer\Pipelines\SwapChainPipeline.h(179,5): message : consider using '%Id' in the format string
D:\GitHub\Magma-Engine\Magma Engine v7\Renderer\Pipelines\SwapChainPipeline.h(179,5): message : consider using '%I64d' in the format string
D:\GitHub\Magma-Engine\Magma Engine v7\Renderer\Renderer.h(235,42): warning C4305: '=': truncation from 'double' to 'float'
D:\GitHub\Magma-Engine\Magma Engine v7\Renderer\Renderer.h(236,43): warning C4305: 'argument': truncation from 'double' to 'float'
D:\GitHub\Magma-Engine\Magma Engine v7\Renderer\Renderer.h(383,29): warning C4244: '=': conversion from 'float' to 'uint32_t', possible loss of data
D:\GitHub\Magma-Engine\Magma Engine v7\Renderer\Renderer.h(384,31): warning C4244: '=': conversion from 'float' to 'uint32_t', possible loss of data
D:\GitHub\Magma-Engine\Magma Engine v7\Renderer\Renderer.h(388,33): warning C4244: '=': conversion from 'float' to 'uint32_t', possible loss of data
D:\GitHub\Magma-Engine\Magma Engine v7\Renderer\Renderer.h(389,35): warning C4244: '=': conversion from 'float' to 'uint32_t', possible loss of data
D:\GitHub\Magma-Engine\Magma Engine v7\Renderer\Renderer.h(407,33): warning C4100: 'TextureImage': unreferenced formal parameter
D:\GitHub\Magma-Engine\Magma Engine v7\main.cpp(75,35): warning C4100: 'argv': unreferenced formal parameter
D:\GitHub\Magma-Engine\Magma Engine v7\main.cpp(75,22): warning C4100: 'argc': unreferenced formal parameter
C:\Program Files\Microsoft Visual Studio\2022\Community\VC\Tools\MSVC\14.37.32822\include\algorithm(3446,24): warning C4244: '=': conversion from 'int' to 'char', possible loss of data
D:\GitHub\Magma-Engine\includes\ImGui\FileDialog\ImFileDialog.cpp(1309,18): message : see reference to function template instantiation '_OutIt std::transform<std::_String_iterator<std::_String_val<std::_Simple_types<_Elem>>>,std::_String_iterator<std::_String_val<std::_Simple_types<_Elem>>>,int(__cdecl *)(int)>(const _InIt,const _InIt,_OutIt,_Fn)' being compiled
          with
          [
              _OutIt=std::_String_iterator<std::_String_val<std::_Simple_types<char>>>,
              _Elem=char,
              _InIt=std::_String_iterator<std::_String_val<std::_Simple_types<char>>>,
              _Fn=int (__cdecl *)(int)
          ]
D:\GitHub\Magma-Engine\includes\stb\dxt\stb_dxt.c(641): warning C4702: unreachable code
D:\GitHub\Magma-Engine\includes\Wave\WaveLoader.h(951): warning C4172: returning address of local variable or temporary: Line
D:\GitHub\Magma-Engine\includes\Wave\WaveLayer.h(48): warning C4172: returning address of local variable or temporary: Out
D:\GitHub\Magma-Engine\includes\Wave\WaveLayer.h(36): warning C4172: returning address of local variable or temporary: Out
D:\GitHub\Magma-Engine\includes\OpenVK\OpenVK_VkRaytracing.h(441): warning C4701: potentially uninitialized local variable 'BottomLevelAS' used
D:\GitHub\Magma-Engine\includes\OpenVK\OpenVK_VkRaytracing.h(605): warning C4701: potentially uninitialized local variable 'TopLevelAS' used
D:\GitHub\Magma-Engine\includes\OpenVK\OpenVK_GUI.h(883): warning C4701: potentially uninitialized local variable 'MinX' used
D:\GitHub\Magma-Engine\includes\OpenVK\OpenVK_GUI.h(896): warning C4701: potentially uninitialized local variable 'MinY' used
D:\GitHub\Magma-Engine\Magma Engine v7\Engine\ImageCompression.h(92): warning C4702: unreachable code
D:\GitHub\Magma-Engine\Magma Engine v7\Engine\ScriptEngine.h(115): warning C4701: potentially uninitialized local variable 'Key' used
D:\GitHub\Magma-Engine\Magma Engine v7\Renderer\Renderer.h(361): warning C4706: assignment within conditional expression
D:\GitHub\Magma-Engine\includes\ImGui\FileDialog\filesystem.cpp(163): warning C4702: unreachable code
D:\GitHub\Magma-Engine\includes\ImGui\FileDialog\filesystem.cpp(204): warning C4702: unreachable code
D:\GitHub\Magma-Engine\includes\Wave\WaveMath.h(882): warning C4702: unreachable code
     Creating library D:\GitHub\Magma-Engine\x64\Debug\Magma Engine v7.lib and object D:\GitHub\Magma-Engine\x64\Debug\Magma Engine v7.exp
LINK : warning LNK4098: defaultlib 'LIBCMT' conflicts with use of other libs; use /NODEFAULTLIB:library
  Magma Engine v7.vcxproj -> D:\GitHub\Magma-Engine\x64\Debug\Magma Engine v7.exe
